Country,Series Name,1970s,1980s,1990s,2000s,2010s,2020s,Outcome
Aruba,Headline Consumer Price Inflation,2.89,2.89,2.77,3.567,1.204,2.6666666666666665,0
Afghanistan,Headline Consumer Price Inflation,7.3050000000000015,21.41,27.343,10.619000000000002,4.411,7.228333333333334,0
Angola,Headline Consumer Price Inflation,40.111000000000004,6.274,1011.085,80.297,16.241000000000003,22.073333333333334,0
Albania,Headline Consumer Price Inflation,2.41,2.41,44.382,2.69,2.119,3.4633333333333334,0
United Arab Emirates,Headline Consumer Price Inflation,19.985999999999997,5.104,3.572,5.568,1.464,1.1066666666666665,0
Argentina,Headline Consumer Price Inflation,132.941,565.692,252.91500000000002,8.595,25.841999999999995,54.28666666666667,0
Armenia,Headline Consumer Price Inflation,4.135,4.135,923.6415,3.588,3.354,5.723333333333334,0
Antigua and Barbuda,Headline Consumer Price Inflation,12.532,5.708999999999999,3.4150000000000005,1.829,1.796,3.7366666666666664,0
Australia,Headline Consumer Price Inflation,9.802000000000001,8.404,2.505,3.162,2.12,3.39,0
Austria,Headline Consumer Price Inflation,6.102,3.836,2.41,1.986,1.8709999999999998,4.216666666666667,0
Azerbaijan,Headline Consumer Price Inflation,6.17,6.17,424.941,7.175,5.268,7.753333333333333,0
Burundi,Headline Consumer Price Inflation,11.905000000000001,7.045,13.858,11.057,7.081,10.99,0
Belgium,Headline Consumer Price Inflation,7.122,4.898999999999999,2.148,2.1180000000000003,1.8060000000000003,4.26,0
Benin,Headline Consumer Price Inflation,3.5100000000000002,2.2120000000000006,7.739,3.178,1.2610000000000001,3.4166666666666665,0
Burkina Faso,Headline Consumer Price Inflation,8.084,5.045,4.567,2.8549999999999995,0.603,6.673333333333333,0
Bangladesh,Headline Consumer Price Inflation,20.239,11.264000000000001,6.391,5.682999999999999,6.779000000000001,6.233333333333333,0
Bulgaria,Headline Consumer Price Inflation,-0.05,2.55,186.32399999999998,6.795,1.4649999999999999,6.596666666666667,0
Bahrain,Headline Consumer Price Inflation,12.562,2.19,1.437,1.5759999999999998,1.9420000000000002,0.2266666666666667,0
"Bahamas, The",Headline Consumer Price Inflation,6.915000000000001,6.2829999999999995,2.7800000000000002,2.2700000000000005,1.566,2.8699999999999997,0
Bosnia and Herzegovina,Headline Consumer Price Inflation,1.4100000000000001,1.4100000000000001,1.6520000000000004,2.8899999999999997,0.755,4.863333333333333,0
Belarus,Headline Consumer Price Inflation,0.18,1.19,564.9540000000001,37.099000000000004,19.853,10.073333333333334,0
Belize,Headline Consumer Price Inflation,17.157999999999998,4.577,2.0,2.5149999999999997,0.7020000000000001,3.186666666666666,0
Bolivia,Headline Consumer Price Inflation,14.2,1379.2419999999997,10.419,4.871,4.301000000000001,1.1433333333333333,1
Brazil,Headline Consumer Price Inflation,30.636000000000003,328.096,843.2510000000002,6.889999999999999,5.821999999999999,6.936666666666667,1
Barbados,Headline Consumer Price Inflation,13.869,7.299000000000001,3.045,3.758,3.5730000000000004,5.28,0
Brunei Darussalam,Headline Consumer Price Inflation,6.43,3.2920000000000003,2.0929999999999995,0.6020000000000001,-0.095,2.4966666666666666,0
Bhutan,Headline Consumer Price Inflation,5.775,8.983999999999998,8.806000000000001,4.7700000000000005,6.158,8.526666666666666,0
Botswana,Headline Consumer Price Inflation,9.645999999999999,10.663,10.933000000000002,8.731,4.843,6.906666666666666,0
Central African Republic,Headline Consumer Price Inflation,9.05,6.095000000000001,3.907000000000001,3.474,4.397,4.363333333333333,0
Cayman Islands,Headline Consumer Price Inflation,2.1700000000000004,2.1700000000000004,2.8139999999999996,2.489,1.423,3.32,0
Canada,Headline Consumer Price Inflation,7.385,6.505000000000001,2.201,2.115,1.7440000000000002,3.64,0
Switzerland,Headline Consumer Price Inflation,4.977,3.271,2.3400000000000003,0.954,0.026000000000000013,0.8833333333333333,0
Chile,Headline Consumer Price Inflation,174.0,21.366,11.759000000000002,3.368,2.909,6.39,0
China,Headline Consumer Price Inflation,1.165,7.467999999999999,7.76,1.8739999999999999,2.586,1.7633333333333334,0
Côte d'Ivoire,Headline Consumer Price Inflation,11.668000000000001,6.764,5.958,3.0010000000000003,1.459,3.9333333333333336,0
Cameroon,Headline Consumer Price Inflation,10.279,7.776999999999999,5.125,2.581,1.8219999999999998,3.2733333333333334,0
"Congo, Dem. Rep.",Headline Consumer Price Inflation,40.254000000000005,58.873000000000005,3379.675,106.45599999999999,13.031,9.643333333333333,1
"Congo, Rep.",Headline Consumer Price Inflation,8.145,0.6470000000000005,4.154000000000001,2.882,2.287,2.6533333333333333,0
Colombia,Headline Consumer Price Inflation,19.608999999999998,23.477999999999998,22.152000000000005,6.266,3.7350000000000003,5.406666666666666,0
Comoros,Headline Consumer Price Inflation,11.239,5.542,2.9560000000000004,4.376,2.43,4.753333333333333,0
Cabo Verde,Headline Consumer Price Inflation,10.735,11.572,7.303,1.9929999999999999,1.222,2.99,0
Costa Rica,Headline Consumer Price Inflation,9.783,27.095,16.853,10.904,3.152,3.5766666666666667,0
Curacao,Headline Consumer Price Inflation,7.178,4.051,2.476,1.8850000000000002,2.338,2.62,0
Cyprus,Headline Consumer Price Inflation,6.808,5.7989999999999995,3.875,2.7849999999999997,0.548,2.75,0
Czech Republic,Headline Consumer Price Inflation,0.8019999999999999,1.5070000000000001,14.885999999999996,2.784,1.6910000000000003,7.366666666666667,0
Germany,Headline Consumer Price Inflation,4.884,2.8960000000000004,2.557,1.5909999999999997,1.339,3.85,0
Djibouti,Headline Consumer Price Inflation,11.775,5.239999999999999,3.8260000000000005,3.466,2.694,3.5499999999999994,0
Dominica,Headline Consumer Price Inflation,13.220999999999998,6.773000000000001,2.3169999999999997,2.0300000000000002,0.813,2.1833333333333336,0
Denmark,Headline Consumer Price Inflation,9.288,6.909000000000001,2.1130000000000004,2.104,1.2120000000000002,3.3233333333333337,0
Dominican Republic,Headline Consumer Price Inflation,9.203,21.372999999999998,15.294999999999998,13.069999999999999,3.7430000000000008,6.9433333333333325,0
Algeria,Headline Consumer Price Inflation,8.228,9.043,17.811999999999998,3.5519999999999996,4.887,6.536666666666666,0
Ecuador,Headline Consumer Price Inflation,10.629999999999999,33.214999999999996,39.06,17.793,2.56,1.0866666666666667,0
"Egypt, Arab Rep.",Headline Consumer Price Inflation,7.955000000000001,17.348999999999997,10.486,7.561,12.377,8.266666666666667,0
Eritrea,Headline Consumer Price Inflation,9.39,9.39,8.999,18.908,1.157,6.3,0
Spain,Headline Consumer Price Inflation,14.391,10.245000000000001,4.220000000000001,2.964,1.2349999999999999,3.723333333333333,0
Estonia,Headline Consumer Price Inflation,4.049999999999999,4.049999999999999,149.304,4.311999999999999,2.357,7.87,0
Ethiopia,Headline Consumer Price Inflation,10.642,5.203,7.764999999999999,11.037,13.875,27.026666666666667,0
Finland,Headline Consumer Price Inflation,10.277,7.184,2.183,1.703,1.3140000000000003,3.1933333333333334,0
Fiji,Headline Consumer Price Inflation,10.625,7.456,4.188000000000001,3.415,3.228,0.6933333333333332,0
France,Headline Consumer Price Inflation,8.905000000000001,7.384,1.8689999999999998,1.7289999999999999,1.149,2.44,0
"Micronesia, Fed. Sts.",Headline Consumer Price Inflation,1.9200000000000004,1.9200000000000004,2.054,3.0890000000000004,1.9129999999999996,2.7866666666666666,0
Gabon,Headline Consumer Price Inflation,11.062000000000001,6.372000000000001,4.648,1.1199999999999999,2.178,2.226666666666667,0
United Kingdom,Headline Consumer Price Inflation,12.641000000000002,7.169,3.6160000000000005,1.9309999999999998,2.085,3.796666666666667,0
Georgia,Headline Consumer Price Inflation,6.04,6.04,1986.3259999999996,6.313000000000001,3.694,8.89,1
Ghana,Headline Consumer Price Inflation,38.83500000000001,48.249,27.552000000000003,17.933999999999997,11.259,17.28,0
Guinea,Headline Consumer Price Inflation,6.315,33.736000000000004,9.342,15.558000000000002,11.818,11.973333333333334,0
"Gambia, The",Headline Consumer Price Inflation,9.626000000000001,17.233,5.425000000000001,6.6659999999999995,6.1709999999999985,8.203333333333333,0
Guinea-Bissau,Headline Consumer Price Inflation,9.288,57.854,37.455,3.125,1.366,3.4166666666666665,0
Equatorial Guinea,Headline Consumer Price Inflation,10.421,24.847,6.625000000000002,5.601999999999999,2.718,3.2733333333333334,0
Greece,Headline Consumer Price Inflation,12.343,19.474,11.112,3.158,0.703,3.19,0
Grenada,Headline Consumer Price Inflation,18.646,6.561,2.6659999999999995,2.865,1.1320000000000001,0.5666666666666667,0
Guatemala,Headline Consumer Price Inflation,8.345,11.520999999999999,15.275000000000002,7.0280000000000005,4.0329999999999995,4.786666666666666,0
Guyana,Headline Consumer Price Inflation,9.245,27.839999999999996,24.987,6.163,1.8950000000000002,3.8766666666666665,0
"Hong Kong SAR, China",Headline Consumer Price Inflation,3.5900000000000007,7.427000000000001,6.872,-0.1490000000000001,3.2589999999999995,1.26,0
Honduras,Headline Consumer Price Inflation,6.583,7.406999999999999,19.747999999999998,8.238,4.645999999999999,5.68,0
Croatia,Headline Consumer Price Inflation,3.625,183.1425,300.1460000000001,3.1719999999999997,1.0530000000000002,4.536666666666666,0
Haiti,Headline Consumer Price Inflation,9.254999999999999,6.745,20.899,15.009,9.487,21.853333333333335,0
Hungary,Headline Consumer Price Inflation,3.7920000000000003,8.962,22.242,6.1290000000000004,2.4900000000000007,7.68,0
Indonesia,Headline Consumer Price Inflation,16.902,9.631,14.550999999999998,8.45,4.729,2.563333333333333,0
India,Headline Consumer Price Inflation,7.539,9.207999999999998,9.547,5.532,7.1450000000000005,6.066666666666666,0
Ireland,Headline Consumer Price Inflation,12.751999999999999,9.338,2.323,3.1600000000000006,0.537,3.276666666666667,0
"Iran, Islamic Rep.",Headline Consumer Price Inflation,10.998000000000001,19.794,23.945,14.733,20.593,40.776666666666664,0
Iraq,Headline Consumer Price Inflation,9.356,7.489999999999999,139.61999999999998,22.281,2.069,3.9166666666666665,0
Iceland,Headline Consumer Price Inflation,29.394,39.427,4.247999999999999,6.239,3.128,5.196666666666667,0
Israel,Headline Consumer Price Inflation,32.477000000000004,130.042,11.239999999999998,2.007,1.064,1.7666666666666668,0
Italy,Headline Consumer Price Inflation,12.289,11.205,4.157,2.2710000000000004,1.1860000000000002,3.31,0
Jamaica,Headline Consumer Price Inflation,16.85,15.527999999999997,27.834999999999997,11.013,6.2700000000000005,7.146666666666666,0
Jordan,Headline Consumer Price Inflation,10.633,7.0409999999999995,5.072000000000001,3.6910000000000003,2.811,1.97,0
Japan,Headline Consumer Price Inflation,9.091,2.5300000000000002,1.2109999999999999,-0.255,0.46699999999999997,0.75,0
Kazakhstan,Headline Consumer Price Inflation,8.0,8.0,674.817,9.27,7.300999999999999,9.913333333333334,0
Kenya,Headline Consumer Price Inflation,10.919,12.348,16.964999999999996,8.519,7.089,6.390000000000001,0
Kyrgyz Republic,Headline Consumer Price Inflation,6.92,6.92,135.329,8.729000000000001,5.4270000000000005,10.72,0
Cambodia,Headline Consumer Price Inflation,52.525,9.803999999999998,57.51899999999999,4.846,3.0759999999999996,3.9766666666666666,0
Kiribati,Headline Consumer Price Inflation,3.0,4.867,3.476,3.617,-0.328,3.6933333333333334,0
St. Kitts and Nevis,Headline Consumer Price Inflation,14.532,4.776000000000001,3.522,3.4549999999999996,0.582,1.13,0
"Korea, Rep.",Headline Consumer Price Inflation,15.225999999999999,8.404,5.734,3.114,1.721,2.7099999999999995,0
Kuwait,Headline Consumer Price Inflation,8.622,3.589,3.664,2.966,2.7600000000000002,2.8000000000000003,0
Lao PDR,Headline Consumer Price Inflation,25.086,61.289,28.661,7.8870000000000005,3.717,10.616666666666667,0
Lebanon,Headline Consumer Price Inflation,12.645999999999999,96.58000000000001,28.354000000000003,2.4859999999999998,3.107,136.94,0
Liberia,Headline Consumer Price Inflation,8.8,7.514999999999999,1.2800000000000002,9.826999999999998,11.96,8.873333333333333,0
Libya,Headline Consumer Price Inflation,5.1,8.873,6.223,0.07699999999999987,9.7,10.183333333333334,0
St. Lucia,Headline Consumer Price Inflation,13.388,5.756,3.1350000000000002,2.803,1.375,3.0400000000000005,0
Sri Lanka,Headline Consumer Price Inflation,6.8870000000000005,12.828999999999999,11.251,9.778000000000002,5.098999999999999,21.19666666666667,0
Lesotho,Headline Consumer Price Inflation,13.879000000000001,14.229,10.934000000000001,7.289999999999999,4.853,6.446666666666668,0
Lithuania,Headline Consumer Price Inflation,2.68,1.5180000000000002,201.50799999999998,3.018,1.8380000000000003,8.526666666666666,0
Luxembourg,Headline Consumer Price Inflation,6.502,4.797000000000001,2.1710000000000003,2.3400000000000003,1.675,3.2166666666666663,0
Latvia,Headline Consumer Price Inflation,3.28,3.28,116.12100000000001,5.852,1.462,6.933333333333334,0
"Macao SAR, China",Headline Consumer Price Inflation,2.5599999999999996,2.5599999999999996,1.984,1.81,4.017,0.63,0
Morocco,Headline Consumer Price Inflation,7.7909999999999995,7.5760000000000005,4.465999999999999,1.9129999999999998,1.151,2.9233333333333333,0
Moldova,Headline Consumer Price Inflation,9.64,9.64,249.288,11.982000000000003,5.969,12.54,0
Madagascar,Headline Consumer Price Inflation,7.898999999999999,18.572000000000003,17.151000000000003,10.501999999999999,7.160000000000001,6.6066666666666665,0
Maldives,Headline Consumer Price Inflation,12.666,7.432999999999998,8.928,3.3299999999999996,4.186999999999999,0.45,0
Mexico,Headline Consumer Price Inflation,14.694999999999999,69.04899999999999,20.407000000000004,5.2139999999999995,3.9620000000000006,5.663333333333334,0
Marshall Islands,Headline Consumer Price Inflation,1.8500000000000003,1.8500000000000003,1.8500000000000003,3.596,1.2649999999999997,3.206666666666667,0
"Macedonia, FYR",Headline Consumer Price Inflation,3.2299999999999995,185.836,270.58400000000006,2.6900000000000004,1.4280000000000002,6.21,0
Mali,Headline Consumer Price Inflation,13.841999999999999,5.957000000000001,4.126,2.5740000000000003,1.0190000000000001,4.786666666666666,0
Malta,Headline Consumer Price Inflation,5.56,2.2779999999999996,3.136,2.6249999999999996,1.403,2.7633333333333336,0
Myanmar,Headline Consumer Price Inflation,10.863999999999999,10.087,25.895,20.137999999999998,6.069999999999999,9.296666666666667,0
Montenegro,Headline Consumer Price Inflation,3.1000000000000005,3.1000000000000005,3.1000000000000005,10.538,1.611,5.066666666666667,0
Mongolia,Headline Consumer Price Inflation,8.210000000000003,8.210000000000003,89.28399999999999,9.05,8.112,8.646666666666667,0
Mozambique,Headline Consumer Price Inflation,6.840000000000001,41.81099999999999,33.532,11.07,7.587000000000001,6.533333333333334,0
Mauritania,Headline Consumer Price Inflation,9.942999999999998,8.231,6.382,6.260000000000001,3.436,4.42,0
Mauritius,Headline Consumer Price Inflation,10.982,11.19,7.614000000000002,5.964,2.967,5.793333333333333,0
Malawi,Headline Consumer Price Inflation,8.969,17.038999999999998,30.532,10.292,16.211,12.14,0
Malaysia,Headline Consumer Price Inflation,5.4990000000000006,3.6380000000000003,3.7009999999999996,2.198,2.141,1.5733333333333333,0
Namibia,Headline Consumer Price Inflation,10.616,13.117,11.397,7.681,5.182,3.97,0
Niger,Headline Consumer Price Inflation,10.35,4.088,5.016,3.169,0.3849999999999999,3.61,0
Nigeria,Headline Consumer Price Inflation,18.973000000000003,20.726000000000003,30.599000000000007,12.334999999999999,11.797,16.349999999999998,0
Nicaragua,Headline Consumer Price Inflation,19.573,2703.233,321.602,8.982000000000001,5.558000000000001,6.359999999999999,1
Netherlands,Headline Consumer Price Inflation,7.033000000000001,2.8669999999999995,2.4430000000000005,2.1239999999999997,1.6159999999999997,4.6499999999999995,0
Norway,Headline Consumer Price Inflation,8.35,8.339,2.448,2.084,2.1090000000000004,3.5233333333333334,0
Nepal,Headline Consumer Price Inflation,7.816999999999998,10.639999999999999,9.841999999999999,5.542,7.673,4.97,0
Nauru,Headline Consumer Price Inflation,1.6,1.6,1.6,6.5009999999999994,2.1860000000000004,1.3633333333333333,0
New Zealand,Headline Consumer Price Inflation,11.494000000000002,11.866,2.114,2.684,1.5759999999999998,3.9766666666666666,0
Oman,Headline Consumer Price Inflation,6.720000000000001,1.89,1.6010000000000002,2.565,1.611,1.1533333333333333,0
Pakistan,Headline Consumer Price Inflation,11.738999999999999,7.459999999999999,9.75,7.842999999999999,7.167999999999999,13.036666666666667,0
Panama,Headline Consumer Price Inflation,6.015,3.148,1.095,2.527,2.393,0.9799999999999999,0
Peru,Headline Consumer Price Inflation,26.511000000000003,472.066,796.9540000000001,2.597,2.8020000000000005,4.66,1
Philippines,Headline Consumer Price Inflation,14.473000000000003,15.181999999999999,9.222,5.277,3.2599999999999993,4.13,0
Palau,Headline Consumer Price Inflation,1.435,1.435,1.435,2.7035000000000005,2.029,4.29,0
Papua New Guinea,Headline Consumer Price Inflation,7.65,6.339,8.743,7.6309999999999985,5.079,4.82,0
Poland,Headline Consumer Price Inflation,7.978,92.902,84.21000000000001,3.5159999999999996,1.5990000000000002,7.59,0
Puerto Rico,Headline Consumer Price Inflation,1.7399999999999998,2.3979999999999997,1.8350000000000002,2.8290000000000006,1.043,1.8333333333333333,0
Portugal,Headline Consumer Price Inflation,17.556,17.318,6.178,2.6,1.176,3.02,0
Paraguay,Headline Consumer Price Inflation,11.165000000000001,20.496000000000002,16.464999999999996,8.262,4.178999999999999,5.4433333333333325,0
West Bank and Gaza,Headline Consumer Price Inflation,2.7800000000000002,2.7800000000000002,3.7669999999999995,3.9579999999999997,1.566,1.0933333333333333,0
Qatar,Headline Consumer Price Inflation,17.628,4.048,2.8850000000000002,5.696999999999999,1.2369999999999999,1.5866666666666667,0
Romania,Headline Consumer Price Inflation,0.795,3.012,122.21999999999998,16.368000000000002,2.7970000000000006,7.16,0
Russian Federation,Headline Consumer Price Inflation,0.19,1.2600000000000002,324.611,13.975000000000003,6.853,7.94,0
Rwanda,Headline Consumer Price Inflation,12.455,4.696999999999999,15.173000000000002,8.15,3.713,9.053333333333333,0
Saudi Arabia,Headline Consumer Price Inflation,12.397,0.168,1.2970000000000002,2.093,2.259,3.0033333333333334,0
Sudan,Headline Consumer Price Inflation,15.341000000000003,40.173,70.122,10.345,32.136,5861.873333333334,1
Senegal,Headline Consumer Price Inflation,9.787,6.911000000000001,4.443,2.043,0.945,4.806666666666667,0
Singapore,Headline Consumer Price Inflation,5.838,2.772,1.939,1.488,1.656,2.713333333333333,0
Solomon Islands,Headline Consumer Price Inflation,8.06,11.801,10.673,9.177,2.9770000000000003,2.1966666666666668,0
Sierra Leone,Headline Consumer Price Inflation,10.828999999999999,62.94699999999999,45.931,7.555,9.736,17.076666666666668,0
El Salvador,Headline Consumer Price Inflation,9.387,18.527,10.611,3.556,1.198,3.4333333333333336,0
San Marino,Headline Consumer Price Inflation,1.645,1.645,1.645,2.0555,1.454,1.02,0
Serbia,Headline Consumer Price Inflation,7.7,7.7,13.27,22.661,4.385000000000001,5.883333333333333,0
South Sudan,Headline Consumer Price Inflation,45.08,45.08,45.08,45.08,89.20700000000002,25.836666666666662,0
São Tomé and Principe,Headline Consumer Price Inflation,10.77,14.847,40.010000000000005,16.116000000000003,8.601,10.353333333333333,0
Suriname,Headline Consumer Price Inflation,8.776999999999997,12.904,38.053,15.763999999999996,13.068999999999999,54.379999999999995,0
Slovak Republic,Headline Consumer Price Inflation,3.6100000000000003,2.386,15.65,5.476999999999999,1.563,5.963333333333334,0
Slovenia,Headline Consumer Price Inflation,7.6850000000000005,196.1855,97.53200000000001,4.896,1.239,3.5566666666666666,0
Sweden,Headline Consumer Price Inflation,8.574,7.937,3.2909999999999995,1.474,1.1179999999999999,3.686666666666667,0
Swaziland,Headline Consumer Price Inflation,10.172999999999998,14.911000000000001,9.542,7.919,5.726999999999999,4.233333333333333,0
Seychelles,Headline Consumer Price Inflation,16.579,3.996,1.9129999999999998,9.253,2.44,5.433333333333334,0
Syrian Arab Republic,Headline Consumer Price Inflation,9.247,23.726999999999997,7.356999999999999,4.947,24.701999999999998,10.39,0
Chad,Headline Consumer Price Inflation,7.984999999999999,5.067,4.937,3.728,1.739,2.3800000000000003,0
Togo,Headline Consumer Price Inflation,9.524,5.0249999999999995,6.4799999999999995,3.066,1.3659999999999999,4.663333333333333,0
Thailand,Headline Consumer Price Inflation,8.081,5.822000000000001,4.982999999999999,2.4200000000000004,1.5899999999999999,2.1533333333333333,0
Tajikistan,Headline Consumer Price Inflation,9.455,9.455,416.8974999999999,16.519,6.671000000000001,8.393333333333333,0
Turkmenistan,Headline Consumer Price Inflation,8.099999999999998,8.099999999999998,699.6610000000001,7.6899999999999995,6.535000000000001,13.343333333333334,0
Tonga,Headline Consumer Price Inflation,9.255999999999998,9.314,4.57,8.013000000000002,2.9339999999999997,3.39,0
Trinidad and Tobago,Headline Consumer Price Inflation,11.657,11.721,6.218,6.297000000000001,4.74,2.5633333333333335,0
Tunisia,Headline Consumer Price Inflation,5.193,8.748000000000001,4.859,3.2079999999999997,4.944,6.55,0
Turkey,Headline Consumer Price Inflation,26.932,49.13,77.237,22.770999999999997,9.837,34.73,0
Tuvalu,Headline Consumer Price Inflation,2.3299999999999996,2.3299999999999996,2.3299999999999996,3.405,1.8239999999999998,3.4066666666666663,0
Tanzania,Headline Consumer Price Inflation,10.995000000000001,30.060000000000002,23.092999999999996,6.529000000000001,7.2890000000000015,3.776666666666667,0
Uganda,Headline Consumer Price Inflation,40.15,122.26100000000001,17.791999999999998,6.437,6.644,4.3999999999999995,0
Ukraine,Headline Consumer Price Inflation,0.24000000000000005,1.03,603.1179999999999,13.171000000000001,12.558,10.756666666666666,0
Uruguay,Headline Consumer Price Inflation,59.257000000000005,57.47099999999999,48.847,8.578999999999999,8.037,8.873333333333333,0
United States,Headline Consumer Price Inflation,7.095000000000001,5.553999999999999,3.0040000000000004,2.57,1.7719999999999998,4.6433333333333335,0
Uzbekistan,Headline Consumer Price Inflation,13.11,13.11,326.138,15.975,11.996,11.623333333333333,0
St. Vincent and the Grenadines,Headline Consumer Price Inflation,12.742999999999999,5.452,2.1760000000000006,2.923,0.9949999999999999,2.2600000000000002,0
"Venezuela, RB",Headline Consumer Price Inflation,6.606999999999999,23.006,47.449,20.975,8627.205,1388.1666666666667,1
Vietnam,Headline Consumer Price Inflation,20.275,168.017,21.127000000000002,6.682,6.079,2.736666666666667,0
Vanuatu,Headline Consumer Price Inflation,7.110000000000001,9.032,3.2689999999999997,2.882,1.871,3.28,0
Samoa,Headline Consumer Price Inflation,9.325,13.855,4.464999999999999,5.781000000000001,1.716,1.39,0
"Yemen, Rep.",Headline Consumer Price Inflation,9.290000000000001,6.220000000000001,39.19000000000001,10.972,17.207,38.57666666666666,0
South Africa,Headline Consumer Price Inflation,9.763,14.598999999999998,9.886999999999997,5.432,5.172,4.943333333333333,0
Zambia,Headline Consumer Price Inflation,10.3,39.952,74.414,17.27,8.818,16.246666666666666,0
Zimbabwe,Headline Consumer Price Inflation,7.274000000000001,0.3769999999999999,-3.8340000000000005,12.974,27.449,313.56666666666666,0
British Virgin Islands,Headline Consumer Price Inflation,1.4,1.4,1.4,1.4,1.42,1.5333333333333332,0
Kosovo,Headline Consumer Price Inflation,1.0500000000000003,1.0500000000000003,1.0500000000000003,1.1540000000000001,2.045,1.5333333333333332,0
Liechtenstein,Headline Consumer Price Inflation,0.0,0.0,0.0,0.0,-0.06899999999999998,0.88,0
Martinique,Headline Consumer Price Inflation,0.0,0.0,0.0,0.0,0.0,0.0,0
Montserratit,Headline Consumer Price Inflation,1.9300000000000002,1.9300000000000002,1.9300000000000002,2.992,1.105,0.57,0
New Caledonia,Headline Consumer Price Inflation,1.3050000000000002,1.3050000000000002,1.421,1.666,1.245,0.465,0
Niue,Headline Consumer Price Inflation,0.0,0.0,0.0,0.0,0.0,0.0,0
Saint Helena,Headline Consumer Price Inflation,3.7999999999999994,3.7999999999999994,3.7999999999999994,4.68,3.7099999999999995,2.066666666666667,0
Timor-Leste,Headline Consumer Price Inflation,3.2400000000000007,3.2400000000000007,3.2400000000000007,4.521000000000001,4.686,3.24,0
Turks and Caicos Islands,Headline Consumer Price Inflation,2.75,2.75,2.75,3.1949999999999994,2.6900000000000004,2.6,0
Aruba,Energy Consumer Price Inflation,2.0799999999999996,2.0799999999999996,2.0799999999999996,4.0840000000000005,1.1670000000000003,1.7866666666666664,0
Afghanistan,Energy Consumer Price Inflation,8.530000000000001,26.163,14.287,7.584000000000001,3.5069999999999992,8.530000000000001,0
Albania,Energy Consumer Price Inflation,4.1850000000000005,4.1850000000000005,11.382500000000002,10.922,1.2859999999999998,6.616666666666667,0
United Arab Emirates,Energy Consumer Price Inflation,-0.024999999999999994,-0.024999999999999994,-0.024999999999999994,0.742,0.3019999999999999,-2.4483333333333337,0
Argentina,Energy Consumer Price Inflation,98.263,444.57000000000005,309.06000000000006,9.349499999999999,31.055999999999994,30.689999999999998,0
Armenia,Energy Consumer Price Inflation,1.6,1.6,32.73,1.6200000000000003,1.941,2.7466666666666666,0
Australia,Energy Consumer Price Inflation,8.463000000000001,9.321,0.6110000000000002,4.607,2.982,9.246666666666668,0
Austria,Energy Consumer Price Inflation,7.203,4.13,1.855,3.084,2.003,18.263333333333332,0
Azerbaijan,Energy Consumer Price Inflation,13.9,13.9,316.72999999999996,21.85,8.556999999999999,10.683333333333332,0
Burundi,Energy Consumer Price Inflation,7.970000000000001,7.970000000000001,8.016,11.669,9.133,7.8566666666666665,0
Belgium,Energy Consumer Price Inflation,8.141,6.252,3.186,3.2340000000000004,2.335,21.820000000000004,0
Benin,Energy Consumer Price Inflation,2.125,2.125,2.2445,4.278,0.8160000000000001,0.63,0
Burkina Faso,Energy Consumer Price Inflation,7.69,3.0145,1.621,3.7689999999999997,2.056,1.2733333333333334,0
Bangladesh,Energy Consumer Price Inflation,24.52,12.61,6.756,4.776,5.486000000000001,4.006666666666667,0
Bulgaria,Energy Consumer Price Inflation,7.5699999999999985,7.5699999999999985,201.516,8.98,2.2589999999999995,13.336666666666668,0
Bahrain,Energy Consumer Price Inflation,0.0,0.01,-1.25,-2.0879999999999996,1.1949999999999998,-1.6433333333333333,0
"Bahamas, The",Energy Consumer Price Inflation,0.445,0.445,0.445,0.445,0.5385000000000001,1.6933333333333334,0
Bosnia and Herzegovina,Energy Consumer Price Inflation,2.4349999999999996,2.4349999999999996,2.4349999999999996,5.041500000000001,1.7200000000000002,4.693333333333333,0
Belarus,Energy Consumer Price Inflation,31.005000000000003,31.005000000000003,669.1210000000001,95.6305,18.11,10.476666666666667,0
Belize,Energy Consumer Price Inflation,1.15,1.15,0.05,2.359,1.3239999999999998,1.7366666666666666,0
Bolivia,Energy Consumer Price Inflation,7.739999999999999,2346.64,13.080000000000002,4.9350000000000005,3.979,0.24,1
Brazil,Energy Consumer Price Inflation,23.9,7.45,7.022,6.656999999999999,6.786,6.633333333333333,0
Barbados,Energy Consumer Price Inflation,2.14,1.7240000000000002,1.3340000000000003,2.722,2.967,1.956666666666667,0
Brunei Darussalam,Energy Consumer Price Inflation,-0.325,-0.325,-0.325,-0.325,-0.7604999999999998,0.45999999999999996,0
Bhutan,Energy Consumer Price Inflation,5.93,7.628,7.26,7.924000000000001,5.374,4.71,0
Botswana,Energy Consumer Price Inflation,10.98,7.863999999999999,5.343999999999999,8.450999999999999,6.818,6.61,0
Central African Republic,Energy Consumer Price Inflation,6.709999999999999,7.229999999999999,1.2099999999999997,2.0300000000000002,0.9269999999999998,1.97,0
Canada,Energy Consumer Price Inflation,10.442000000000002,7.7700000000000005,3.4699999999999998,4.26,2.353,14.843333333333334,0
Switzerland,Energy Consumer Price Inflation,8.989999999999998,2.569,3.243,1.957,0.807,10.456666666666665,0
Chile,Energy Consumer Price Inflation,4.484999999999999,4.484999999999999,4.463499999999999,5.538,3.803,10.916666666666666,0
China,Energy Consumer Price Inflation,1.15,5.98,7.4860000000000015,2.8489999999999993,2.502,1.1433333333333333,0
Côte d'Ivoire,Energy Consumer Price Inflation,12.680000000000001,4.24,0.836,3.013,1.5090000000000001,4.16,0
Cameroon,Energy Consumer Price Inflation,1.9549999999999996,1.9549999999999996,4.078,2.5755,1.6200000000000003,2.1266666666666665,0
"Congo, Dem. Rep.",Energy Consumer Price Inflation,7.18,3.0,3.0,3.0,2.2630000000000003,3.0,0
"Congo, Rep.",Energy Consumer Price Inflation,3.25,3.715,10.98,4.680000000000001,1.783,1.3333333333333333,0
Colombia,Energy Consumer Price Inflation,5.46,8.83,22.990999999999996,4.8469999999999995,4.117,6.246666666666667,0
Comoros,Energy Consumer Price Inflation,2.05,2.05,2.05,2.05,2.149,2.05,0
Cabo Verde,Energy Consumer Price Inflation,10.449000000000002,5.128,6.07,4.696,0.9420000000000002,1.93,0
Costa Rica,Energy Consumer Price Inflation,15.090000000000003,24.11,17.223000000000003,13.040000000000001,4.283,9.26,0
Curacao,Energy Consumer Price Inflation,2.34,2.34,2.34,2.55,2.0599999999999996,2.34,0
Cyprus,Energy Consumer Price Inflation,7.409999999999999,5.460000000000002,4.1,7.74,3.81,12.670000000000002,0
Czech Republic,Energy Consumer Price Inflation,5.519999999999999,5.519999999999999,22.014,6.107,2.1089999999999995,11.943333333333333,0
Germany,Energy Consumer Price Inflation,8.9,2.2499999999999996,4.018,2.071,1.302,15.780000000000001,0
Djibouti,Energy Consumer Price Inflation,7.1,6.881000000000002,3.1349999999999993,3.1349999999999993,1.5835000000000001,1.4666666666666666,0
Dominica,Energy Consumer Price Inflation,12.16,7.459999999999999,2.7079999999999997,4.026000000000001,-0.9269999999999999,1.3133333333333335,0
Denmark,Energy Consumer Price Inflation,17.130000000000003,10.569999999999999,2.0200000000000005,3.5170000000000003,1.6630000000000003,18.139999999999997,0
Dominican Republic,Energy Consumer Price Inflation,6.327,6.470000000000001,9.620000000000001,12.898999999999997,3.6699999999999995,6.580000000000001,0
Algeria,Energy Consumer Price Inflation,2.8150000000000004,2.8150000000000004,24.970000000000006,3.2825,2.6390000000000002,1.7466666666666668,0
Ecuador,Energy Consumer Price Inflation,3.96,25.840000000000003,35.45,18.669,2.642,0.66,0
"Egypt, Arab Rep.",Energy Consumer Price Inflation,0.2600000000000001,6.07,16.939999999999998,3.8040000000000007,6.611,4.1433333333333335,0
Spain,Energy Consumer Price Inflation,11.069999999999999,11.24,4.962,3.989,1.6790000000000003,16.826666666666668,0
Estonia,Energy Consumer Price Inflation,8.59,8.59,624.2540000000001,7.656999999999999,3.2359999999999998,27.63,0
Ethiopia,Energy Consumer Price Inflation,9.790000000000001,6.37,5.324,9.678,13.991999999999999,18.436666666666667,0
Finland,Energy Consumer Price Inflation,13.430000000000001,5.49,3.4800000000000004,5.47,2.7439999999999998,13.566666666666668,0
Fiji,Energy Consumer Price Inflation,8.280000000000001,7.1800000000000015,3.5200000000000005,4.49,2.298,2.3966666666666665,0
France,Energy Consumer Price Inflation,11.07,7.43,2.508,2.7150000000000007,2.136,11.579999999999998,0
Gabon,Energy Consumer Price Inflation,2.315,1.33,4.898000000000001,0.9030000000000001,2.553,1.03,0
United Kingdom,Energy Consumer Price Inflation,14.36,8.623,4.611,2.911,1.8329999999999997,18.723333333333333,0
Georgia,Energy Consumer Price Inflation,6.200000000000001,6.200000000000001,118.34999999999998,9.782,2.856,8.76,0
Ghana,Energy Consumer Price Inflation,19.525,19.525,19.4755,25.3,17.38,26.429999999999996,0
Guinea,Energy Consumer Price Inflation,7.8,8.55,9.329999999999998,14.719999999999999,8.327,4.999999999999999,0
"Gambia, The",Energy Consumer Price Inflation,11.58,24.19,6.93,9.26,5.848999999999999,5.383333333333333,0
Guinea-Bissau,Energy Consumer Price Inflation,2.805,2.805,2.805,0.9189999999999999,5.809000000000001,8.611666666666666,0
Equatorial Guinea,Energy Consumer Price Inflation,1.5099999999999998,1.5099999999999998,1.5099999999999998,1.3059999999999998,3.778,1.6933333333333334,0
Greece,Energy Consumer Price Inflation,13.382,17.92,7.74,4.477,1.907,17.143333333333334,0
Grenada,Energy Consumer Price Inflation,1.23,0.9029999999999999,1.1019999999999999,3.9510000000000005,0.797,0.3933333333333333,0
Guatemala,Energy Consumer Price Inflation,8.219999999999999,3.25,3.25,4.882000000000001,2.046,3.16,0
Honduras,Energy Consumer Price Inflation,7.82,6.69,20.53,9.16,5.351,2.84,0
Croatia,Energy Consumer Price Inflation,7.5,182.23,305.95000000000005,5.4,2.5,7.300000000000001,0
Haiti,Energy Consumer Price Inflation,10.85,8.195000000000002,10.85,10.85,11.145000000000001,21.099999999999998,0
Hungary,Energy Consumer Price Inflation,1.4,9.620000000000001,32.349999999999994,10.051,0.4980000000000001,8.543333333333335,0
Indonesia,Energy Consumer Price Inflation,5.4399999999999995,15.6,10.411,9.071000000000002,3.932,1.2733333333333332,0
India,Energy Consumer Price Inflation,10.54,9.649999999999999,8.2,7.586,8.258000000000001,6.169999999999999,0
Ireland,Energy Consumer Price Inflation,14.498000000000001,10.154,1.2739999999999996,5.931000000000002,2.1610000000000005,17.653333333333332,0
"Iran, Islamic Rep.",Energy Consumer Price Inflation,3.3600000000000003,9.28,29.681,16.873,14.128,26.756666666666664,0
Iraq,Energy Consumer Price Inflation,0.05050000000000034,6.400999999999999,118.84999999999998,79.58000000000001,1.7899999999999998,2.2066666666666666,0
Iceland,Energy Consumer Price Inflation,29.590000000000003,40.62,4.01,7.568,5.435999999999999,9.103333333333333,0
Israel,Energy Consumer Price Inflation,37.07000000000001,129.953,16.900999999999996,1.9460000000000002,2.7960000000000003,5.546666666666667,0
Italy,Energy Consumer Price Inflation,12.36,10.77,4.827999999999999,3.3970000000000007,1.7870000000000001,18.23333333333333,0
Jamaica,Energy Consumer Price Inflation,19.15,16.35,28.610000000000003,13.965,6.175,5.21,0
Jordan,Energy Consumer Price Inflation,6.37,4.880000000000001,3.3520000000000003,3.101,3.307,1.7566666666666668,0
Japan,Energy Consumer Price Inflation,8.935,3.245,1.964,-0.030999999999999993,-0.029000000000000005,6.96,0
Kazakhstan,Energy Consumer Price Inflation,8.400000000000002,8.400000000000002,923.72,8.330000000000002,5.521,6.773333333333333,0
Kenya,Energy Consumer Price Inflation,10.495000000000001,15.739999999999998,12.129999999999999,12.885,6.763,3.746666666666666,0
Kyrgyz Republic,Energy Consumer Price Inflation,10.219999999999999,10.219999999999999,123.90599999999999,16.293,4.863,5.233333333333333,0
Cambodia,Energy Consumer Price Inflation,2.27,2.27,2.27,6.995,0.999,3.6966666666666668,0
St. Kitts and Nevis,Energy Consumer Price Inflation,14.060000000000002,4.389999999999999,4.029999999999999,0.43,-0.30100000000000005,0.2316666666666667,0
"Korea, Rep.",Energy Consumer Price Inflation,15.429999999999998,9.273,5.377999999999999,3.2380000000000004,1.6219999999999994,2.38,0
Kuwait,Energy Consumer Price Inflation,2.45,1.6300000000000001,0.53,1.2300000000000002,2.825,0.8399999999999999,0
Lao PDR,Energy Consumer Price Inflation,3.02,3.02,3.02,3.02,3.9840000000000004,3.39,0
Lebanon,Energy Consumer Price Inflation,8.239999999999998,62.688,31.508,6.255999999999999,3.072,55.1,0
Liberia,Energy Consumer Price Inflation,12.219999999999999,6.3545,4.144999999999999,4.04,4.4845,4.145,0
St. Lucia,Energy Consumer Price Inflation,14.679999999999998,6.95,1.6300000000000001,2.8579999999999997,2.822,5.859999999999999,0
Sri Lanka,Energy Consumer Price Inflation,10.65,19.619999999999997,8.76,15.110000000000003,4.49,6.463333333333334,0
Lesotho,Energy Consumer Price Inflation,18.559999999999995,16.970000000000002,11.410000000000002,8.060999999999998,5.806,7.163333333333334,0
Lithuania,Energy Consumer Price Inflation,6.1899999999999995,6.1899999999999995,109.65299999999999,7.219999999999999,1.7420000000000002,22.76,0
Luxembourg,Energy Consumer Price Inflation,7.45,5.83,1.3800000000000003,3.685,1.8889999999999998,17.023333333333337,0
Latvia,Energy Consumer Price Inflation,4.67,4.67,10.049999999999999,9.456000000000001,2.2960000000000003,18.903333333333332,0
Morocco,Energy Consumer Price Inflation,0.8699999999999999,0.8699999999999999,0.8699999999999999,0.8619999999999999,1.208,0.7866666666666667,0
Moldova,Energy Consumer Price Inflation,0.655,0.655,0.655,0.655,0.38850000000000007,22.46666666666667,0
Madagascar,Energy Consumer Price Inflation,6.1450000000000005,16.91,16.485,11.24,9.227999999999998,3.16,0
Maldives,Energy Consumer Price Inflation,2.21,5.2780000000000005,3.710000000000001,2.413,1.8490000000000002,-0.5733333333333333,0
Mexico,Energy Consumer Price Inflation,12.075,72.85000000000001,24.080000000000002,8.174000000000001,2.7439999999999998,7.266666666666668,0
"Macedonia, FYR",Energy Consumer Price Inflation,5.99,175.57800000000003,224.99,5.993,2.213,5.563333333333333,0
Mali,Energy Consumer Price Inflation,2.02,2.02,2.071,2.0200000000000005,1.9740000000000002,1.6766666666666667,0
Malta,Energy Consumer Price Inflation,9.100000000000001,2.92,1.7099999999999997,6.3100000000000005,2.0900000000000007,-0.7000000000000001,0
Myanmar,Energy Consumer Price Inflation,12.569999999999999,13.520000000000001,23.7,21.06,7.321,10.706666666666669,0
Mongolia,Energy Consumer Price Inflation,9.155000000000001,9.155000000000001,17.1585,11.264000000000001,9.270999999999999,6.596666666666667,0
Mozambique,Energy Consumer Price Inflation,8.07,6.5,13.919999999999998,7.900000000000001,6.1290000000000004,3.926666666666667,0
Mauritania,Energy Consumer Price Inflation,6.702,3.558,3.96,5.619000000000001,2.064,1.8133333333333332,0
Mauritius,Energy Consumer Price Inflation,9.39,10.99,3.56,7.481999999999999,0.05499999999999988,-0.6466666666666668,0
Malawi,Energy Consumer Price Inflation,19.329999999999995,19.329999999999995,19.329999999999995,19.329999999999995,18.395000000000003,13.689999999999998,0
Malaysia,Energy Consumer Price Inflation,1.52,1.426,0.68,1.098,2.062,0.5966666666666667,0
Namibia,Energy Consumer Price Inflation,6.340000000000001,6.340000000000001,8.505999999999998,5.213,5.578000000000001,0.6633333333333333,0
Niger,Energy Consumer Price Inflation,1.175,1.175,0.8874999999999998,1.517,3.335,0.49333333333333335,0
Nigeria,Energy Consumer Price Inflation,13.602,14.725999999999999,57.358000000000004,14.683999999999997,11.555,10.836666666666668,0
Nicaragua,Energy Consumer Price Inflation,6.230000000000001,6.230000000000001,6.230000000000001,7.24,5.420999999999999,4.553333333333334,0
Netherlands,Energy Consumer Price Inflation,8.548,3.4579999999999997,2.661,3.479,2.566,31.143333333333334,0
Norway,Energy Consumer Price Inflation,11.87,8.804,2.7479999999999998,4.031000000000001,2.4789999999999996,23.393333333333334,0
Nepal,Energy Consumer Price Inflation,6.45,13.02,9.669999999999998,11.03,7.486,3.953333333333333,0
New Zealand,Energy Consumer Price Inflation,12.88,11.810000000000002,4.47,3.8609999999999998,2.824,9.436666666666666,0
Oman,Energy Consumer Price Inflation,0.42000000000000004,0.42000000000000004,0.532,2.8630000000000004,1.358,0.35666666666666663,0
Pakistan,Energy Consumer Price Inflation,6.385,5.6555,10.1,8.780000000000001,6.9159999999999995,9.463333333333333,0
Panama,Energy Consumer Price Inflation,10.59,2.0800000000000005,0.31,2.733,1.3400000000000003,-1.9633333333333336,0
Peru,Energy Consumer Price Inflation,23.939999999999998,125.3945,7.8824999999999985,3.489,3.104,5.995,0
Philippines,Energy Consumer Price Inflation,13.510000000000002,15.639999999999995,10.623999999999999,4.766,2.7009999999999996,3.263333333333333,0
Papua New Guinea,Energy Consumer Price Inflation,7.13,7.13,7.13,7.13,8.836000000000002,3.2466666666666666,0
Poland,Energy Consumer Price Inflation,8.004999999999999,32.5515,160.59,6.284000000000001,2.273,16.63,0
Portugal,Energy Consumer Price Inflation,15.524000000000004,15.853,8.386000000000001,3.563,2.5810000000000004,10.4,0
Paraguay,Energy Consumer Price Inflation,4.8149999999999995,4.8149999999999995,7.678500000000001,6.379,4.622,2.6,0
Qatar,Energy Consumer Price Inflation,2.02,2.625,1.4170000000000003,12.445,-0.827,-1.4666666666666668,0
Romania,Energy Consumer Price Inflation,3.3900000000000006,15.079999999999998,119.72999999999999,22.779999999999998,3.8400000000000007,13.543333333333331,0
Russian Federation,Energy Consumer Price Inflation,13.62,13.62,272.006,23.291999999999998,7.767000000000001,5.026666666666666,0
Rwanda,Energy Consumer Price Inflation,14.982499999999998,2.7999999999999994,4.7700000000000005,10.58,3.3260000000000005,5.830000000000001,0
Saudi Arabia,Energy Consumer Price Inflation,0.4,3.46,2.8899999999999997,0.35,1.4309999999999996,-0.53,0
Sudan,Energy Consumer Price Inflation,22.87,36.010000000000005,30.670000000000005,21.800000000000004,20.801,349.0233333333333,0
Senegal,Energy Consumer Price Inflation,5.6400000000000015,7.13,9.84,3.7699999999999996,-0.46699999999999997,1.9133333333333333,0
Singapore,Energy Consumer Price Inflation,4.265,2.8419999999999996,2.326,2.3899999999999997,1.01,2.0933333333333333,0
Sierra Leone,Energy Consumer Price Inflation,8.59,58.370000000000005,10.2,9.754,7.418000000000001,10.543333333333333,0
El Salvador,Energy Consumer Price Inflation,19.810000000000002,25.25,11.979999999999999,6.968999999999999,4.0329999999999995,1.7400000000000002,0
São Tomé and Principe,Energy Consumer Price Inflation,6.005,4.970000000000001,132.58,4.549999999999999,5.004,5.756666666666667,0
Suriname,Energy Consumer Price Inflation,5.6,3.21,22.68,13.463,1.125,63.616666666666674,0
Slovak Republic,Energy Consumer Price Inflation,10.010000000000002,183.951,90.61,7.659000000000001,2.826,7.203333333333333,0
Slovenia,Energy Consumer Price Inflation,15.060000000000002,6.756,4.909,2.131,1.591,11.253333333333332,0
Sweden,Energy Consumer Price Inflation,17.73,9.19,5.43,18.949999999999996,4.557,16.593333333333334,0
Swaziland,Energy Consumer Price Inflation,12.600000000000001,4.200000000000001,1.6,11.105,3.9939999999999998,8.066666666666666,0
Seychelles,Energy Consumer Price Inflation,4.1,19.410000000000004,11.52,9.151,4.4879999999999995,8.9,0
Syrian Arab Republic,Energy Consumer Price Inflation,5.199,4.9174999999999995,8.6,6.8785,6.3005,3.6966666666666668,0
Chad,Energy Consumer Price Inflation,10.64,6.58,2.7660000000000005,0.9739999999999999,2.0020000000000002,-0.9833333333333334,0
Togo,Energy Consumer Price Inflation,5.475,7.76,4.590000000000001,0.6899999999999998,2.053,4.493333333333333,0
Thailand,Energy Consumer Price Inflation,3.2350000000000003,3.2350000000000003,327.38050000000004,3.2350000000000003,1.5559999999999998,0.7733333333333331,0
Tajikistan,Energy Consumer Price Inflation,5.31,8.960000000000003,2.8200000000000007,4.776,1.553,-0.5166666666666669,0
Tonga,Energy Consumer Price Inflation,5.947999999999999,15.728,2.637,2.3199999999999994,0.884,10.833333333333334,0
Trinidad and Tobago,Energy Consumer Price Inflation,2.4899999999999998,7.37,4.72,4.529000000000001,4.348999999999999,1.58,0
Tunisia,Energy Consumer Price Inflation,11.460000000000003,11.460000000000003,55.694,29.213,8.799,5.170000000000001,0
Turkey,Energy Consumer Price Inflation,12.65,30.129999999999995,27.690000000000005,7.200000000000001,10.263000000000002,32.580000000000005,0
Tanzania,Energy Consumer Price Inflation,4.9399999999999995,4.9399999999999995,3.7079999999999997,7.1290000000000004,7.232000000000001,3.9433333333333334,0
Uganda,Energy Consumer Price Inflation,14.395000000000001,14.395000000000001,14.395000000000001,20.2755,23.792,2.4566666666666666,0
Ukraine,Energy Consumer Price Inflation,50.62,58.275999999999996,51.89,9.539,8.6,8.396666666666667,0
Uruguay,Energy Consumer Price Inflation,7.527000000000001,5.87,2.915,2.854,1.557,7.406666666666666,0
United States,Energy Consumer Price Inflation,16.9,16.9,16.9,16.9,14.377,16.906666666666666,0
St. Vincent and the Grenadines,Energy Consumer Price Inflation,18.009999999999998,6.369999999999999,1.4300000000000002,3.63,0.966,0.6716666666666667,0
"Venezuela, RB",Energy Consumer Price Inflation,2.57,16.61,50.01,11.667,11268.816,434.4633333333333,1
British Virgin Islands,Energy Consumer Price Inflation,0.6500000000000001,0.6500000000000001,0.6500000000000001,0.6500000000000001,0.5970000000000001,0.65,0
Vietnam,Energy Consumer Price Inflation,4.700000000000001,4.700000000000001,4.700000000000001,8.322999999999999,6.711,1.6133333333333333,0
Vanuatu,Energy Consumer Price Inflation,4.766,1.59,1.59,1.59,0.7590000000000001,0.32,0
Samoa,Energy Consumer Price Inflation,4.1964999999999995,3.0949999999999998,3.0949999999999998,4.478999999999999,0.013999999999999879,-0.8266666666666668,0
South Africa,Energy Consumer Price Inflation,12.599999999999998,12.379999999999999,10.360000000000001,5.135,5.82,14.14,0
Zambia,Energy Consumer Price Inflation,18.65,6.914999999999999,93.04,19.89,9.493,16.703333333333333,0
Zimbabwe,Energy Consumer Price Inflation,3.72,16.76,10.73,7.742,11.498000000000001,141.77333333333334,0
British Virgin Islands,Energy Consumer Price Inflation,0.5999999999999999,0.5999999999999999,0.5999999999999999,0.5999999999999999,0.6900000000000001,0.16666666666666666,0
New Caledonia,Energy Consumer Price Inflation,-0.3195,-0.3195,-0.3195,-0.3195,-0.191,-0.2098333333333332,0
Aruba,Food Consumer Price Inflation,3.4,3.4,3.4,5.454,2.992,5.93,0
Afghanistan,Food Consumer Price Inflation,7.739999999999999,21.584,14.796000000000001,9.276,4.494000000000001,7.103333333333334,0
Angola,Food Consumer Price Inflation,17.925000000000004,17.925000000000004,17.925000000000004,17.898500000000002,17.411,24.613333333333333,0
Albania,Food Consumer Price Inflation,4.24,4.24,41.739999999999995,2.573,3.5400000000000005,6.31,0
United Arab Emirates,Food Consumer Price Inflation,2.4299999999999997,2.4299999999999997,2.4299999999999997,2.973,2.601,2.0433333333333334,0
Argentina,Food Consumer Price Inflation,118.08,270.72,542.2,9.17,30.122000000000003,55.96,0
Armenia,Food Consumer Price Inflation,5.8100000000000005,5.8100000000000005,448.544,3.97,4.4030000000000005,8.263333333333334,0
Antigua and Barbuda,Food Consumer Price Inflation,14.01,4.180000000000001,4.42,2.96,4.696,3.856666666666667,0
Australia,Food Consumer Price Inflation,9.657999999999998,8.245999999999999,2.809,3.9519999999999995,1.599,8.073333333333332,0
Austria,Food Consumer Price Inflation,5.064,2.732,1.5500000000000003,2.316,1.9789999999999999,4.446666666666666,0
Azerbaijan,Food Consumer Price Inflation,7.7,7.7,444.30999999999995,8.82,6.455,11.013333333333334,0
Burundi,Food Consumer Price Inflation,11.66,7.3,13.830000000000002,11.916,6.395000000000001,13.35,0
Belgium,Food Consumer Price Inflation,5.4799999999999995,4.3500000000000005,1.549,2.633,2.184,3.566666666666667,0
Benin,Food Consumer Price Inflation,0.18,-1.7760000000000002,6.590000000000001,3.72,1.69,1.9033333333333333,0
Burkina Faso,Food Consumer Price Inflation,12.98,3.0664999999999996,4.569999999999999,3.8200000000000003,1.018,11.85,0
Bangladesh,Food Consumer Price Inflation,20.78,11.129999999999999,5.48,6.11,7.12,6.243333333333333,0
Bulgaria,Food Consumer Price Inflation,1.06,3.9899999999999993,188.17000000000002,6.145,2.284,9.806666666666667,0
Bahrain,Food Consumer Price Inflation,5.2,0.6799999999999999,0.99,2.6399999999999997,2.534,4.503333333333333,0
"Bahamas, The",Food Consumer Price Inflation,7.45,7.460000000000001,2.73,3.22,1.416,5.21,0
Bosnia and Herzegovina,Food Consumer Price Inflation,1.0550000000000002,1.0550000000000002,1.0550000000000002,3.0875000000000004,0.558,8.446666666666667,0
Belarus,Food Consumer Price Inflation,0.27,2.04,610.32,36.24999999999999,21.695000000000004,10.37,0
Belize,Food Consumer Price Inflation,1.6800000000000002,3.2479999999999998,2.22,3.2590000000000003,-0.02900000000000007,4.04,0
Bolivia,Food Consumer Price Inflation,17.61,1341.44,10.3,6.442,5.715,0.5333333333333333,1
Brazil,Food Consumer Price Inflation,25.809999999999995,315.136,846.0099999999999,7.459999999999999,7.067,11.193333333333333,1
Barbados,Food Consumer Price Inflation,14.979999999999999,6.1899999999999995,2.88,5.9,4.664,7.386666666666667,0
Brunei Darussalam,Food Consumer Price Inflation,6.7,3.8600000000000003,1.6700000000000004,1.06,0.29000000000000004,3.1366666666666667,0
Bhutan,Food Consumer Price Inflation,7.489999999999999,7.604000000000001,9.139999999999999,5.2589999999999995,6.467999999999999,8.32,0
Botswana,Food Consumer Price Inflation,9.580000000000002,12.334999999999999,11.280000000000001,9.635000000000002,3.521,6.636666666666666,0
Central African Republic,Food Consumer Price Inflation,9.11,5.409999999999999,3.94,3.8830000000000005,5.729000000000001,5.086666666666667,0
Canada,Food Consumer Price Inflation,9.448,5.558999999999999,1.467,2.826,1.9739999999999998,4.743333333333333,0
Switzerland,Food Consumer Price Inflation,4.604,3.755,1.174,1.048,-0.182,-0.01666666666666668,0
Chile,Food Consumer Price Inflation,178.89000000000001,21.120000000000005,11.61,4.196,4.632,9.713333333333333,0
China,Food Consumer Price Inflation,1.8724999999999998,8.920000000000002,8.530000000000001,4.276,4.87,3.8633333333333333,0
Côte d'Ivoire,Food Consumer Price Inflation,13.64,7.43,7.603,3.7330000000000005,2.175,6.986666666666667,0
Cameroon,Food Consumer Price Inflation,11.8,6.019999999999999,1.6599999999999997,3.558,2.0709999999999997,6.543333333333334,0
"Congo, Dem. Rep.",Food Consumer Price Inflation,44.57,20.73,18.35,22.520999999999997,9.593,18.35,0
"Congo, Rep.",Food Consumer Price Inflation,8.510000000000002,5.510000000000001,8.709999999999999,2.41,3.8619999999999997,4.863333333333333,0
Colombia,Food Consumer Price Inflation,21.81,25.397,20.382,7.994,3.973,13.303333333333333,0
Comoros,Food Consumer Price Inflation,2.4200000000000004,2.4200000000000004,2.4200000000000004,2.4770000000000003,2.725,2.42,0
Cabo Verde,Food Consumer Price Inflation,18.205,5.82,7.08,2.3379999999999996,1.286,5.6433333333333335,0
Costa Rica,Food Consumer Price Inflation,11.260000000000002,28.99,16.776999999999997,12.956,2.8359999999999994,1.9733333333333334,0
Curacao,Food Consumer Price Inflation,6.26,6.26,6.26,5.598,6.592999999999999,6.260000000000001,0
Cyprus,Food Consumer Price Inflation,6.9799999999999995,6.610000000000001,3.8400000000000007,4.653999999999999,0.421,2.8699999999999997,0
Czech Republic,Food Consumer Price Inflation,0.57,1.6400000000000001,11.446000000000002,1.4840000000000002,2.7220000000000004,7.076666666666667,0
Germany,Food Consumer Price Inflation,4.213,2.254,1.27,1.4769999999999999,1.9949999999999999,5.836666666666666,0
Djibouti,Food Consumer Price Inflation,13.620000000000001,3.886,5.86,5.86,3.8629999999999995,6.036666666666666,0
Dominica,Food Consumer Price Inflation,13.209999999999999,7.859999999999999,2.02,3.5,2.021,1.86,0
Denmark,Food Consumer Price Inflation,9.891,6.107999999999999,1.6220000000000003,2.429,1.356,4.126666666666667,0
Dominican Republic,Food Consumer Price Inflation,8.48,23.220000000000002,14.7,13.16,4.543,9.133333333333333,0
Algeria,Food Consumer Price Inflation,10.5,9.95,19.87,4.001,4.4830000000000005,8.023333333333333,0
Ecuador,Food Consumer Price Inflation,13.76,38.9,37.439,19.889,2.933,1.6133333333333333,0
"Egypt, Arab Rep.",Food Consumer Price Inflation,9.709999999999999,20.2,8.75,8.853,15.565000000000003,8.863333333333333,0
Spain,Food Consumer Price Inflation,13.619000000000003,9.753,3.322,3.6380000000000003,1.246,5.1499999999999995,0
Estonia,Food Consumer Price Inflation,4.165,4.165,132.22750000000002,4.426,3.196,7.633333333333334,0
Ethiopia,Food Consumer Price Inflation,12.279999999999998,4.59,9.029999999999998,12.645,14.144,31.03,0
Finland,Food Consumer Price Inflation,10.626,7.121999999999998,-0.09599999999999989,2.409,1.2559999999999998,3.9033333333333338,0
Fiji,Food Consumer Price Inflation,9.5,8.89,3.3899999999999997,4.28,3.902,3.1566666666666663,0
France,Food Consumer Price Inflation,9.601,7.410999999999999,1.3199999999999998,2.1639999999999997,1.2430000000000003,3.1366666666666667,0
Gabon,Food Consumer Price Inflation,4.227500000000001,1.6689999999999998,4.579999999999999,2.0599999999999996,2.3660000000000005,2.7566666666666664,0
United Kingdom,Food Consumer Price Inflation,14.472,5.903,2.592,2.924,2.601,3.7899999999999996,0
Georgia,Food Consumer Price Inflation,7.3,7.3,23.650000000000002,8.193999999999999,4.078,13.19,0
Ghana,Food Consumer Price Inflation,43.43999999999999,46.18,25.279999999999998,16.24,7.272000000000001,17.05,0
Guinea,Food Consumer Price Inflation,12.8,16.220000000000002,8.53,19.293,14.792000000000002,13.906666666666666,0
"Gambia, The",Food Consumer Price Inflation,11.91,17.479999999999997,5.72,7.836,6.992000000000002,7.853333333333334,0
Guinea-Bissau,Food Consumer Price Inflation,2.12,2.12,2.12,-0.4360000000000001,2.1450000000000005,6.593333333333334,0
Equatorial Guinea,Food Consumer Price Inflation,4.619999999999999,4.619999999999999,7.071999999999998,6.008,2.519,4.633333333333334,0
Greece,Food Consumer Price Inflation,13.866999999999999,19.693999999999996,9.915,3.2699999999999996,0.05999999999999996,4.71,0
Grenada,Food Consumer Price Inflation,2.05,7.159999999999999,2.8499999999999996,3.688999999999999,1.2750000000000001,1.5666666666666664,0
Guatemala,Food Consumer Price Inflation,8.739999999999998,12.499999999999998,15.11,8.872,8.034,6.593333333333334,0
Guyana,Food Consumer Price Inflation,12.514,29.93,18.730000000000004,6.119999999999999,11.7,11.699999999999998,0
Hong Kong SAR,Food Consumer Price Inflation,3.9099999999999993,6.462000000000001,5.944000000000001,1.3750000000000002,4.137,3.11,0
Honduras,Food Consumer Price Inflation,7.409999999999999,6.459999999999999,20.88,7.586999999999999,3.4260000000000006,6.8933333333333335,0
Croatia,Food Consumer Price Inflation,3.625,181.02249999999998,287.11800000000005,2.8150000000000004,1.0950000000000002,6.1933333333333325,0
Haiti,Food Consumer Price Inflation,9.89,7.789999999999999,14.34,14.985,10.654,26.073333333333334,0
Hungary,Food Consumer Price Inflation,4.0,9.104,21.174,7.353,3.155,12.14,0
Indonesia,Food Consumer Price Inflation,17.1,9.97,18.837,8.149,7.1825,4.046666666666667,0
India,Food Consumer Price Inflation,6.840000000000001,8.93,9.94,5.94,6.578,6.563333333333333,0
Ireland,Food Consumer Price Inflation,13.887,7.0840000000000005,1.9340000000000004,2.087,-1.226,1.5966666666666667,0
"Iran, Islamic Rep.",Food Consumer Price Inflation,11.78,19.139999999999997,25.29,15.244000000000003,24.876,48.53666666666666,0
Iraq,Food Consumer Price Inflation,7.1899999999999995,11.729999999999999,154.49,12.4,2.8359999999999994,3.763333333333333,0
Iceland,Food Consumer Price Inflation,30.490000000000002,42.22600000000001,3.217,5.15,2.7790000000000004,5.126666666666666,0
Israel,Food Consumer Price Inflation,32.971,132.91500000000002,9.047,3.372,1.1990000000000003,1.7766666666666666,0
Italy,Food Consumer Price Inflation,13.037,9.541,3.4859999999999998,2.637,1.283,3.5766666666666667,0
Jamaica,Food Consumer Price Inflation,17.81,16.99,27.580000000000002,12.15,7.635,10.046666666666667,0
Jordan,Food Consumer Price Inflation,13.26,5.68,6.14,5.0520000000000005,1.86,2.0366666666666666,0
Japan,Food Consumer Price Inflation,9.122,2.19,1.2670000000000001,0.008000000000000054,1.0160000000000002,1.9366666666666668,0
Kazakhstan,Food Consumer Price Inflation,8.7,8.7,468.2799999999999,11.527000000000001,7.272,13.226666666666667,0
Kenya,Food Consumer Price Inflation,10.0,11.77,17.23,16.631,10.969999999999999,10.126666666666667,0
Kyrgyz Republic,Food Consumer Price Inflation,3.0,3.0,129.38,4.335,0.199,14.67,0
Cambodia,Food Consumer Price Inflation,57.435,5.25,6.125,6.390000000000001,3.8259999999999996,4.216666666666667,0
St. Kitts and Nevis,Food Consumer Price Inflation,15.539999999999997,3.94,3.8,3.7350000000000008,0.37800000000000017,1.3566666666666667,0
"Korea, Rep.",Food Consumer Price Inflation,17.220000000000002,8.507000000000001,6.4,4.214,2.9840000000000004,5.43,0
Kuwait,Food Consumer Price Inflation,11.420000000000002,2.0599999999999996,3.06,4.2700000000000005,3.4019999999999997,7.3999999999999995,0
Lao PDR,Food Consumer Price Inflation,24.672000000000004,14.864499999999998,32.480000000000004,8.931000000000001,5.777,5.793333333333333,0
Lebanon,Food Consumer Price Inflation,7.2,71.21000000000001,23.6,7.758,3.232,312.49,0
Liberia,Food Consumer Price Inflation,9.62,4.61,10.02,12.041,12.236,9.6,0
Libya,Food Consumer Price Inflation,8.52,11.98,11.95,11.95,16.053999999999995,11.949999999999998,0
St. Lucia,Food Consumer Price Inflation,14.440000000000001,5.609999999999999,3.46,3.393,1.7600000000000002,0.39333333333333337,0
Sri Lanka,Food Consumer Price Inflation,7.63,13.120000000000001,11.910000000000002,12.069999999999999,7.340999999999999,26.706666666666667,0
Lesotho,Food Consumer Price Inflation,15.479999999999999,14.37,11.8,9.721,6.669999999999999,9.513333333333334,0
Lithuania,Food Consumer Price Inflation,2.535,2.4735000000000005,185.51299999999998,3.775,2.159,10.143333333333333,0
Luxembourg,Food Consumer Price Inflation,6.306,4.742,1.6780000000000002,2.8649999999999998,1.8939999999999997,3.4233333333333333,0
Latvia,Food Consumer Price Inflation,3.1700000000000004,3.1700000000000004,111.09599999999998,6.795,2.0420000000000003,8.493333333333334,0
Morocco,Food Consumer Price Inflation,1.0899999999999999,1.0899999999999999,1.0899999999999999,0.9369999999999999,1.097,3.8499999999999996,0
Moldova,Food Consumer Price Inflation,8.900000000000002,8.900000000000002,321.9,11.81,3.7099999999999995,15.646666666666667,0
Madagascar,Food Consumer Price Inflation,9.2,18.81,18.06,10.690000000000001,7.332999999999998,6.330000000000001,0
Maldives,Food Consumer Price Inflation,4.0,3.66,9.59,5.27,5.826,3.003333333333334,0
Mexico,Food Consumer Price Inflation,14.893,67.68100000000001,19.872,5.96,5.032,9.046666666666667,0
"Macedonia, FYR",Food Consumer Price Inflation,3.4300000000000006,187.066,271.7,2.1879999999999997,1.249,8.136666666666667,0
Mali,Food Consumer Price Inflation,12.920000000000002,6.325,3.829999999999999,2.85,1.3909999999999996,7.333333333333333,0
Malta,Food Consumer Price Inflation,6.739999999999999,4.0,2.5900000000000003,3.3329999999999997,3.0000000000000004,4.836666666666667,0
Myanmar,Food Consumer Price Inflation,11.45,10.35,26.02,22.919999999999998,7.0489999999999995,6.486666666666667,0
Montenegro,Food Consumer Price Inflation,2.93,2.93,2.93,2.93,1.895,8.913333333333332,0
Mongolia,Food Consumer Price Inflation,8.460000000000003,8.460000000000003,8.460000000000003,11.246,8.181999999999999,13.209999999999999,0
Mozambique,Food Consumer Price Inflation,10.622,17.966,14.749999999999996,11.957,9.294,10.323333333333332,0
Mauritania,Food Consumer Price Inflation,10.57,7.530000000000001,6.1899999999999995,6.859999999999999,4.566000000000001,6.993333333333333,0
Mauritius,Food Consumer Price Inflation,11.729999999999999,12.89,6.95,6.824,3.432,8.35,0
Malawi,Food Consumer Price Inflation,9.81,16.94,33.61,12.078,16.496000000000002,16.246666666666666,0
Malaysia,Food Consumer Price Inflation,6.7700000000000005,3.2700000000000005,5.15,2.978,3.146,2.78,0
Namibia,Food Consumer Price Inflation,7.1800000000000015,10.741999999999999,9.69,9.5,6.139999999999999,6.043333333333333,0
New Caledonia,Food Consumer Price Inflation,9.64,4.8100000000000005,8.83,5.258,0.5,5.136666666666667,0
Niger,Food Consumer Price Inflation,9.64,4.8100000000000005,8.83,5.258,0.5,5.136666666666667,0
Nigeria,Food Consumer Price Inflation,17.9,23.669999999999998,28.53,12.721,12.733,18.813333333333333,0
Nicaragua,Food Consumer Price Inflation,14.377999999999997,627.2645,1014.2199999999997,10.14,5.507,9.049999999999999,1
Netherlands,Food Consumer Price Inflation,6.0249999999999995,1.754,1.448,1.6130000000000002,1.56,3.9466666666666668,0
Norway,Food Consumer Price Inflation,8.51,8.654,2.1470000000000002,1.754,1.4549999999999998,2.4466666666666668,0
Nepal,Food Consumer Price Inflation,5.11,11.49,10.330000000000002,6.25,6.346,6.176666666666667,0
New Zealand,Food Consumer Price Inflation,11.989999999999998,11.025,1.7259999999999998,3.3279999999999994,0.852,4.18,0
Oman,Food Consumer Price Inflation,1.2100000000000002,1.9259999999999997,0.38000000000000006,4.506,1.2120000000000002,2.44,0
Pakistan,Food Consumer Price Inflation,13.25,6.68,10.000000000000002,9.08,7.413999999999999,16.19,0
Panama,Food Consumer Price Inflation,7.0200000000000005,3.5400000000000005,1.12,3.5129999999999995,2.4739999999999998,1.4000000000000001,0
Peru,Food Consumer Price Inflation,28.830000000000002,403.09000000000003,752.4599999999999,2.6599999999999997,2.893,4.8566666666666665,0
Philippines,Food Consumer Price Inflation,17.99,14.379999999999999,8.171,5.016,3.5780000000000003,4.253333333333333,0
Papua New Guinea,Food Consumer Price Inflation,8.080000000000002,5.67,9.360000000000001,8.73,2.3560000000000003,4.09,0
Poland,Food Consumer Price Inflation,4.28,60.60999999999999,75.225,3.624,2.4019999999999997,7.573333333333333,0
Portugal,Food Consumer Price Inflation,19.162,17.141,4.3340000000000005,1.8399999999999999,0.9750000000000002,5.053333333333334,0
Paraguay,Food Consumer Price Inflation,12.66,21.790000000000003,15.765,10.935999999999998,4.923,9.026666666666666,0
Qatar,Food Consumer Price Inflation,1.9200000000000004,2.7139999999999995,1.4100000000000001,5.3100000000000005,1.21,2.563333333333333,0
Romania,Food Consumer Price Inflation,0.9700000000000001,4.55,112.109,14.904,1.6150000000000002,7.78,0
Russian Federation,Food Consumer Price Inflation,11.61,11.61,319.262,13.700999999999999,7.297,8.783333333333333,0
Rwanda,Food Consumer Price Inflation,11.610000000000001,6.389999999999999,9.15,9.882,5.7589999999999995,12.089999999999998,0
Saudi Arabia,Food Consumer Price Inflation,10.46,1.2,1.49,3.5020000000000002,3.0119999999999996,6.0200000000000005,0
Sudan,Food Consumer Price Inflation,15.410000000000002,39.089999999999996,49.760000000000005,28.8,26.936,153.88333333333333,0
Senegal,Food Consumer Price Inflation,10.51,7.1899999999999995,7.442,3.3409999999999997,2.3449999999999998,6.673333333333333,0
Singapore,Food Consumer Price Inflation,7.319000000000001,2.391,1.56,1.948,2.011,2.793333333333333,0
Sierra Leone,Food Consumer Price Inflation,11.73,62.20000000000001,36.95,6.151000000000001,10.027000000000001,17.426666666666666,0
El Salvador,Food Consumer Price Inflation,9.260000000000002,20.8,8.929999999999998,3.84,1.65,5.34,0
Serbia,Food Consumer Price Inflation,3.28,3.28,3.28,5.482999999999999,4.0200000000000005,8.35,0
São Tomé and Principe,Food Consumer Price Inflation,11.155000000000001,11.155000000000001,15.1995,17.3155,9.599,11.155000000000001,0
Suriname,Food Consumer Price Inflation,8.889999999999999,14.969999999999999,98.32999999999998,19.229999999999997,17.806000000000004,52.196666666666665,0
Slovak Republic,Food Consumer Price Inflation,3.97,2.4320000000000004,13.901,2.923,2.339,7.340000000000001,0
Slovenia,Food Consumer Price Inflation,8.120000000000001,198.692,92.808,4.7509999999999994,2.0740000000000003,4.983333333333333,0
Sweden,Food Consumer Price Inflation,9.287,9.123,0.65,1.7899999999999998,4.904,4.4,0
Swaziland,Food Consumer Price Inflation,9.93,15.060000000000002,12.790000000000001,12.433,6.195,12.0,0
Seychelles,Food Consumer Price Inflation,17.79,3.9799999999999995,0.5199999999999999,11.751999999999999,1.4469999999999996,5.553333333333334,0
Syrian Arab Republic,Food Consumer Price Inflation,9.860000000000001,23.199999999999996,7.0200000000000005,6.299999999999999,8.39,8.8,0
Chad,Food Consumer Price Inflation,2.52,2.52,7.0139999999999985,4.873,-0.014000000000000058,4.579999999999999,0
Togo,Food Consumer Price Inflation,10.310000000000002,4.5200000000000005,7.19,2.216,0.5069999999999999,8.43,0
Thailand,Food Consumer Price Inflation,8.683,5.069000000000001,6.089,3.772,3.106,2.53,0
Tajikistan,Food Consumer Price Inflation,5.1,5.1,5.1,5.1,5.272,5.1,0
Tonga,Food Consumer Price Inflation,9.989999999999998,11.750000000000002,4.66,7.943,3.915,6.460000000000001,0
Trinidad and Tobago,Food Consumer Price Inflation,12.799999999999999,13.830000000000002,12.902000000000001,16.113999999999997,9.104,5.413333333333333,0
Tunisia,Food Consumer Price Inflation,6.709999999999999,9.13,4.8,3.7699999999999996,6.011,6.906666666666666,0
Turkey,Food Consumer Price Inflation,24.929000000000002,51.241,76.954,22.262,11.409,41.1,0
Tanzania,Food Consumer Price Inflation,13.27,30.810000000000002,23.81,8.069999999999999,9.094999999999999,5.3066666666666675,0
Uganda,Food Consumer Price Inflation,31.170000000000005,81.8,15.45,4.713,7.327,5.023333333333333,0
Ukraine,Food Consumer Price Inflation,0.29000000000000004,1.75,669.5965000000001,14.556999999999999,11.197000000000001,12.93,0
Uruguay,Food Consumer Price Inflation,51.654999999999994,49.535000000000004,45.482,10.197,8.402000000000001,10.503333333333332,0
United States,Food Consumer Price Inflation,7.7620000000000005,4.585,2.8009999999999997,2.869,1.5950000000000002,6.109999999999999,0
Uzbekistan,Food Consumer Price Inflation,14.9,14.9,14.9,14.9,13.540000000000001,14.74,0
St. Vincent and the Grenadines,Food Consumer Price Inflation,12.88,4.58,3.09,3.7700000000000005,1.5300000000000002,2.4366666666666665,0
"Venezuela, RB",Food Consumer Price Inflation,9.190000000000001,33.51,45.67,26.534,5724.447,1449.4233333333332,1
British Virgin Islands,Food Consumer Price Inflation,1.26,1.26,1.26,1.26,1.068,1.26,0
Vietnam,Food Consumer Price Inflation,21.264999999999997,7.75,6.779999999999999,9.377,6.301,4.043333333333333,0
Vanuatu,Food Consumer Price Inflation,8.190000000000001,7.99,1.8699999999999999,3.22,3.2059999999999995,4.8066666666666675,0
Samoa,Food Consumer Price Inflation,1.97,1.97,1.97,1.97,2.043,6.109999999999999,0
"Yemen, Rep.",Food Consumer Price Inflation,9.069999999999999,4.070000000000001,28.22,14.329999999999998,7.7,7.7,0
South Africa,Food Consumer Price Inflation,10.814000000000002,15.659000000000002,11.673,8.299,5.867999999999999,6.486666666666667,0
Zambia,Food Consumer Price Inflation,11.25,43.82,71.77000000000001,16.39,8.649,19.87666666666667,0
Zimbabwe,Food Consumer Price Inflation,7.489999999999999,13.689999999999998,34.46,1699.3719999999998,10.762,256.71,1
British Virgin Islands,Food Consumer Price Inflation,1.1,1.1,1.1,1.1,1.1700000000000002,1.7666666666666668,0
New Caledonia,Food Consumer Price Inflation,1.8094067510000003,1.8094067510000003,1.8094067510000003,1.8094067510000003,0.9719556663000001,2.5899278773333334,0
Afghanistan,Official Core Consumer Price Inflation,5.4,5.4,5.4,7.33,5.33,5.400000000000001,0
Albania,Official Core Consumer Price Inflation,1.17,1.17,1.17,1.21,0.9560000000000001,3.0700000000000003,0
Australia,Official Core Consumer Price Inflation,8.229800000000001,3.191,4.658,5.497999999999999,10.471,2.3,0
Austria,Official Core Consumer Price Inflation,6.558400000000001,4.099,2.4989999999999997,1.7559999999999998,1.8649999999999998,3.11,0
Armenia,Official Core Consumer Price Inflation,3.69,3.69,3.69,2.833,3.7800000000000002,5.603333333333334,0
Azerbaijan,Official Core Consumer Price Inflation,0.15999999999999998,0.15999999999999998,0.15999999999999998,0.04700000000000006,0.8549999999999999,0.16,0
Belgium,Official Core Consumer Price Inflation,4.0414,6.153,1.814,3.0370000000000004,1.83,2.5033333333333334,0
Bulgaria,Official Core Consumer Price Inflation,1.6200000000000003,1.6200000000000003,1.6200000000000003,1.7990000000000002,1.674,1.5033333333333332,0
Belarus,Official Core Consumer Price Inflation,10.92,10.92,10.92,10.740999999999998,18.821,10.28,0
Brazil,Official Core Consumer Price Inflation,5.83,5.83,506.23900000000003,6.645000000000001,5.69,5.423333333333333,0
Canada,Official Core Consumer Price Inflation,6.927821,6.5329999999999995,2.2960000000000003,1.763,1.7169999999999999,2.9066666666666667,0
Switzerland,Official Core Consumer Price Inflation,4.8165,3.4539999999999997,1.7079999999999997,0.729,0.268,0.6066666666666666,0
Chile,Official Core Consumer Price Inflation,2.54,2.54,3.8210000000000006,2.6029999999999998,2.37,5.026666666666666,0
China,Official Core Consumer Price Inflation,1.43,1.43,1.43,0.992,1.669,0.7466666666666667,0
Cameroon,Official Core Consumer Price Inflation,1.6800000000000002,1.6800000000000002,1.6800000000000002,1.6800000000000002,1.56,2.62,0
Colombia,Official Core Consumer Price Inflation,5.659999999999999,5.659999999999999,12.716,5.767,3.689,3.513333333333333,0
Costa Rica,Official Core Consumer Price Inflation,7.94,7.94,10.039000000000001,10.099000000000002,3.167,1.3566666666666667,0
Cyprus,Official Core Consumer Price Inflation,3.5441069412,0.036499999999999755,0.48450000000000004,1.8530000000000002,0.41500000000000004,0.6583333333333333,0
Czech Republic,Official Core Consumer Price Inflation,1.4600000000000002,1.4600000000000002,3.22,1.033,1.006,6.933333333333334,0
Germany,Official Core Consumer Price Inflation,4.7581961,3.085,2.7670000000000003,1.271,1.245,2.27,0
Djibouti,Official Core Consumer Price Inflation,0.15999999999999998,0.31999999999999995,-0.516,0.15999999999999998,0.020000000000000018,0.5366666666666666,0
Denmark,Official Core Consumer Price Inflation,11.0776329727,3.723,2.2339999999999995,3.0409999999999995,0.6480000000000002,2.0,0
Dominican Republic,Official Core Consumer Price Inflation,4.859999999999999,4.859999999999999,4.859999999999999,11.526,3.164,5.54,0
"Egypt, Arab Rep.",Official Core Consumer Price Inflation,8.28,8.28,8.28,9.129000000000001,10.652000000000001,6.91,0
Spain,Official Core Consumer Price Inflation,11.3625,12.238000000000001,3.2020000000000004,10.984,3.1830000000000007,1.5866666666666667,0
Estonia,Official Core Consumer Price Inflation,2.3,2.3,3.428,3.347,1.6950000000000003,4.1433333333333335,0
Ethiopia,Official Core Consumer Price Inflation,6.2532172241,7.528999999999999,6.68,6.68,6.68,6.68,0
Finland,Official Core Consumer Price Inflation,9.995237508799999,7.351000000000001,2.57,1.417,1.163,2.066666666666667,0
France,Official Core Consumer Price Inflation,1.6585618687000003,9.007,2.153,-2.0469999999999997,3.3,1.55,0
United Kingdom,Official Core Consumer Price Inflation,11.083643960999998,7.726999999999999,3.304,1.3519999999999999,1.92,3.0199999999999996,0
Ghana,Official Core Consumer Price Inflation,16.509999999999998,16.509999999999998,16.509999999999998,16.509999999999998,17.217,16.51,0
Greece,Official Core Consumer Price Inflation,12.6295973206,17.224,10.221,3.557,2.039,0.6266666666666666,0
Guatemala,Official Core Consumer Price Inflation,8.492469290699999,8.8895,4.705,5.4030000000000005,3.3089999999999997,3.22,0
"Hong Kong SAR, China",Official Core Consumer Price Inflation,1.8799999999999997,1.8799999999999997,1.8799999999999997,1.9069999999999996,2.8329999999999997,0.39333333333333337,0
Honduras,Official Core Consumer Price Inflation,5.93,5.93,5.93,7.316999999999998,4.754,5.496666666666667,0
Croatia,Official Core Consumer Price Inflation,1.7150000000000003,1.7150000000000003,2.0335,2.865,0.687,2.91,0
Hungary,Official Core Consumer Price Inflation,5.075000000000001,5.075000000000001,19.3915,5.241,2.7470000000000003,5.8,0
Indonesia,Official Core Consumer Price Inflation,3.6950000000000003,3.6950000000000003,3.6950000000000003,3.8975,3.8810000000000002,2.1199999999999997,0
India,Official Core Consumer Price Inflation,5.6899999999999995,5.6899999999999995,5.6899999999999995,5.6899999999999995,5.984,5.55,0
Ireland,Official Core Consumer Price Inflation,7.084999999999999,6.682,5.868,2.9319999999999995,1.4769999999999996,2.2466666666666666,0
"Iran, Islamic Rep.",Official Core Consumer Price Inflation,17.415,17.415,17.415,14.459999999999999,17.949500000000004,34.92333333333334,0
Iraq,Official Core Consumer Price Inflation,3.9249999999999994,3.9249999999999994,3.9249999999999994,11.954500000000001,2.097,4.123333333333334,0
Iceland,Official Core Consumer Price Inflation,6.740999999999998,2.769,2.5509999999999997,6.437,3.085,4.9799999999999995,0
Israel,Official Core Consumer Price Inflation,32.35,128.436,11.543000000000001,1.4469999999999998,1.083,1.6533333333333333,0
Italy,Official Core Consumer Price Inflation,11.528182304000001,13.164000000000001,2.2969999999999997,2.905,-1.1889999999999998,1.36,0
Jordan,Official Core Consumer Price Inflation,3.665,3.665,3.665,3.7504999999999997,3.249,1.6833333333333333,0
Japan,Official Core Consumer Price Inflation,9.0496436,2.7890000000000006,1.317,-0.394,0.15399999999999997,-0.14333333333333334,0
Kazakhstan,Official Core Consumer Price Inflation,7.425,7.425,7.425,8.5245,7.475,9.776666666666666,0
Kyrgyz Republic,Official Core Consumer Price Inflation,3.53,3.53,3.53,3.53,2.765,5.036666666666666,0
"Korea, Rep.",Official Core Consumer Price Inflation,16.898999999999997,8.486,5.253000000000001,2.873,1.7600000000000002,1.76,0
Kuwait,Official Core Consumer Price Inflation,2.2049999999999996,2.2049999999999996,2.2049999999999996,2.928,1.9324999999999999,2.433333333333333,0
"Lao, PDR",Official Core Consumer Price Inflation,2.255,2.255,2.255,2.255,2.2909999999999995,2.7816666666666663,0
Lebanon,Official Core Consumer Price Inflation,0.0,0.0,0.0,0.0,0.0,0.0,0
Libya,Official Core Consumer Price Inflation,1.8,1.8,1.8,1.916,1.839,1.8,0
Sri Lanka,Official Core Consumer Price Inflation,3.11,3.11,3.11,3.006,3.7730000000000006,3.11,0
Lithuania,Official Core Consumer Price Inflation,2.27,2.27,5.636,2.223,1.8820000000000001,5.536666666666666,0
Luxembourg,Official Core Consumer Price Inflation,1.4888878899000002,4.8759999999999994,2.2840000000000003,5.253000000000001,1.6060000000000003,2.3000000000000003,0
Latvia,Official Core Consumer Price Inflation,1.8799999999999997,1.8799999999999997,5.816,4.324,1.096,3.3166666666666664,0
"Macao SAR, China",Official Core Consumer Price Inflation,12.444999999999999,12.444999999999999,12.444999999999999,12.444999999999999,10.943999999999999,12.445,0
Morocco,Official Core Consumer Price Inflation,1.5,1.5,1.5,2.0,1.168,2.5166666666666666,0
Mexico,Official Core Consumer Price Inflation,6.470000000000001,69.26,20.309,4.880999999999999,3.396,4.336666666666667,0
North Macedonia,Official Core Consumer Price Inflation,1.4,1.4,1.4,1.535,1.34,3.293333333333333,0
Malta,Official Core Consumer Price Inflation,1.77,1.8059999999999998,2.0279999999999996,2.241,1.443,1.0633333333333332,0
Montenegro,Official Core Consumer Price Inflation,-1.0850000000000002,-1.0850000000000002,-1.0850000000000002,-1.0850000000000002,-0.11799999999999997,-1.085,0
Mauritius,Official Core Consumer Price Inflation,3.79,3.79,3.79,8.25,2.601,4.946666666666666,0
Malaysia,Official Core Consumer Price Inflation,1.5299999999999998,1.5299999999999998,1.5299999999999998,1.6420000000000001,1.7689999999999997,0.98,0
Nigeria,Official Core Consumer Price Inflation,10.819999999999999,10.819999999999999,10.599999999999998,10.468,10.448,13.376666666666667,0
Nicaragua,Official Core Consumer Price Inflation,4.980000000000001,4.980000000000001,4.980000000000001,4.980000000000001,5.416,5.3500000000000005,0
Netherlands,Official Core Consumer Price Inflation,6.1171012001,6.565,3.2030000000000003,2.311,5.263000000000001,2.723333333333333,0
Norway,Official Core Consumer Price Inflation,-1.7508150249999996,8.222999999999999,2.4610000000000003,1.8359999999999999,2.036,2.763333333333333,0
New Zealand,Official Core Consumer Price Inflation,11.3647318,12.227,2.195,2.3660000000000005,1.555,3.92,0
Oman,Official Core Consumer Price Inflation,1.19,1.19,1.19,2.0,1.709,1.8633333333333333,0
Panama,Official Core Consumer Price Inflation,9.786182476,7.196000000000001,6.68,6.68,6.68,6.68,0
Peru,Official Core Consumer Price Inflation,3.5,3.5,19.686,2.258,3.0980000000000003,3.23,0
Philippines,Official Core Consumer Price Inflation,3.6,3.6,3.6,4.720000000000001,3.1350000000000002,3.7466666666666666,0
Papua New Guinea,Official Core Consumer Price Inflation,2.9850000000000003,2.9850000000000003,2.9850000000000003,2.9850000000000003,3.406,3.378333333333334,0
Poland,Official Core Consumer Price Inflation,3.8800000000000003,30.092000000000002,82.706,2.813,1.161,5.609999999999999,0
Portugal,Official Core Consumer Price Inflation,12.8943917427,14.534,8.35,1.839,-4.186,2.0533333333333332,0
Paraguay,Official Core Consumer Price Inflation,5.28,5.28,9.099,7.131,4.295000000000001,4.9366666666666665,0
Qatar,Official Core Consumer Price Inflation,1.4600000000000002,1.4600000000000002,1.4600000000000002,1.4600000000000002,1.2830000000000001,2.3800000000000003,0
Romania,Official Core Consumer Price Inflation,3.5900000000000007,3.5900000000000007,3.5900000000000007,4.193,2.298,5.883333333333333,0
Russian Federation,Official Core Consumer Price Inflation,7.590000000000001,7.590000000000001,7.590000000000001,9.302000000000001,6.58,8.783333333333333,0
Rwanda,Official Core Consumer Price Inflation,0.0,0.0,0.0,0.0,0.0,0.0,0
Saudi Arabia,Official Core Consumer Price Inflation,1.15,1.15,1.15,-0.4630000000000001,1.3160000000000003,3.213333333333333,0
Sudan,Official Core Consumer Price Inflation,14.565000000000001,14.565000000000001,14.565000000000001,6.834999999999999,34.04600000000001,178.97166666666666,0
Senegal,Official Core Consumer Price Inflation,4.485,4.485,4.485,4.485,4.485,4.485,0
Singapore,Official Core Consumer Price Inflation,3.6895000000000002,0.4939999999999998,1.4989999999999999,1.675,1.547,1.5599999999999998,0
Solomon Islands,Official Core Consumer Price Inflation,0.0,0.0,0.0,0.0,0.0,0.0,0
Sierra Leone,Official Core Consumer Price Inflation,0.0,0.0,0.0,0.0,0.0,0.0,0
El Salvador,Official Core Consumer Price Inflation,1.7149999999999999,2.7075,4.1290000000000004,2.9959999999999996,0.4860000000000001,2.4366666666666665,0
San Marino,Official Core Consumer Price Inflation,0.0,0.0,0.0,0.0,0.0,0.0,0
Somalia,Official Core Consumer Price Inflation,0.0,0.0,0.0,0.0,0.0,0.0,0
Serbia,Official Core Consumer Price Inflation,3.05,3.05,3.05,4.495,4.18,2.566666666666667,0
Slovakia,Official Core Consumer Price Inflation,2.68,2.68,4.593999999999999,4.003,1.209,5.5566666666666675,0
Slovenia,Official Core Consumer Price Inflation,1.58,1.58,1.58,4.497000000000001,1.0059999999999998,2.473333333333333,0
Sweden,Official Core Consumer Price Inflation,8.184755743,7.593000000000001,3.495,0.9880000000000001,0.9029999999999999,2.6533333333333333,0
Syrian Arab Republic,Official Core Consumer Price Inflation,4.4,4.4,4.4,3.6700000000000004,13.629999999999999,4.4,0
Chad,Official Core Consumer Price Inflation,8.27,11.550999999999998,7.975999999999999,8.27,7.234999999999999,5.07,0
Thailand,Official Core Consumer Price Inflation,0.89,1.987,4.332,0.7070000000000001,0.649,0.20333333333333337,0
Tajikistan,Official Core Consumer Price Inflation,5.545,5.545,5.545,6.137,5.262,4.848333333333334,0
Turkmenistan,Official Core Consumer Price Inflation,5.230000000000001,5.230000000000001,5.230000000000001,6.3,5.5680000000000005,5.23,0
Trinidad and Tobago,Official Core Consumer Price Inflation,1.8099999999999998,1.8099999999999998,2.166,2.5740000000000003,2.0620000000000003,1.8566666666666667,0
Tunisia,Official Core Consumer Price Inflation,6.624210927200001,7.441999999999998,4.269999999999999,2.4880000000000004,4.7620000000000005,6.493333333333333,0
Turkey,Official Core Consumer Price Inflation,11.19,11.19,55.69699999999999,21.785,8.895,28.99666666666667,0
"Taiwan, China",Official Core Consumer Price Inflation,0.8299999999999998,1.657,2.883,0.341,0.55,1.0866666666666667,0
Uganda,Official Core Consumer Price Inflation,5.205,5.205,5.205,6.5595,6.642,3.9166666666666665,0
Ukraine,Official Core Consumer Price Inflation,8.145,8.145,8.145,9.2715,10.428,8.263333333333334,0
Uruguay,Official Core Consumer Price Inflation,-0.4800000000000001,-0.4800000000000001,-0.4800000000000001,1.85,-0.9340000000000004,-0.48,0
United States,Official Core Consumer Price Inflation,6.480593399999999,6.061,3.22,2.165,1.8450000000000002,3.8299999999999996,0
"Venezuela, RB",Official Core Consumer Price Inflation,28.73,34.61300000000001,38.955999999999996,23.982,77.973,28.73,0
Vietnam,Official Core Consumer Price Inflation,2.3099999999999996,2.3099999999999996,2.3099999999999996,2.3099999999999996,4.645,1.8366666666666667,0
Kosovo,Official Core Consumer Price Inflation,-0.185,-0.185,-0.185,0.8744999999999997,1.0505,-0.18499999999999997,0
South Africa,Official Core Consumer Price Inflation,4.519999999999999,4.519999999999999,4.519999999999999,3.848,4.717999999999999,3.646666666666667,0
Angola,Producer Price Inflation,18.979999999999997,18.979999999999997,18.979999999999997,18.979999999999997,15.827999999999998,26.763333333333335,0
Albania,Producer Price Inflation,1.6,1.6,1.6,1.8700000000000003,1.132,5.996666666666666,0
Argentina,Producer Price Inflation,12.969999999999999,12.969999999999999,6.365999999999998,15.922,23.607,54.68,0
Armenia,Producer Price Inflation,6.980000000000001,6.980000000000001,575.54,5.363999999999999,5.547000000000001,5.463333333333334,0
Australia,Producer Price Inflation,9.756,7.853999999999999,1.2570000000000001,3.3909999999999996,2.4080000000000004,2.9233333333333333,0
Austria,Producer Price Inflation,0.14100000000000001,0.08500000000000003,0.39,1.331,0.6839999999999999,8.75,0
Azerbaijan,Producer Price Inflation,20.54,20.54,20.54,16.55,12.724,52.48333333333333,0
Belgium,Producer Price Inflation,5.253,4.195,0.24699999999999994,3.6420000000000003,2.704,17.28,0
Bangladesh,Producer Price Inflation,4.01,4.01,4.01,4.01,3.7080000000000006,3.85,0
Bulgaria,Producer Price Inflation,4.9399999999999995,3.242,248.99900000000002,6.539999999999999,2.662,17.383333333333333,0
Bosnia and Herzegovina,Producer Price Inflation,0.49000000000000005,0.49000000000000005,0.49000000000000005,1.301,0.49399999999999994,7.876666666666666,0
Belarus,Producer Price Inflation,3.0099999999999993,3.0099999999999993,326.0849999999999,19.849999999999998,0.9949999999999999,9.066666666666668,0
Brazil,Producer Price Inflation,9.95,9.95,447.04299999999995,11.085000000000003,8.454,24.096666666666664,0
Bhutan,Producer Price Inflation,1.8999999999999997,1.8999999999999997,1.8999999999999997,1.8999999999999997,1.957,4.52,0
Central African Republic,Producer Price Inflation,8.621,8.324,3.7960000000000003,5.359999999999999,6.049999999999999,6.05,0
Canada,Producer Price Inflation,8.706999999999999,5.1,2.006,1.3630000000000002,1.826,8.97,0
Switzerland,Producer Price Inflation,3.4829999999999997,2.318,-0.04700000000000002,0.7909999999999998,-0.689,1.61,0
Chile,Producer Price Inflation,6.205,6.205,6.205,8.221500000000002,3.155,13.01,0
China,Producer Price Inflation,0.65,0.65,-0.2990000000000001,2.2,1.039,2.8533333333333335,0
"Congo, Rep.",Producer Price Inflation,10.211,11.363999999999999,12.77,12.77,12.77,12.770000000000001,0
Colombia,Producer Price Inflation,22.235000000000003,24.228,18.141,5.9670000000000005,2.913,10.06,0
Costa Rica,Producer Price Inflation,8.86,8.86,12.481,12.677,3.1610000000000005,3.936666666666667,0
Cyprus,Producer Price Inflation,4.519499999999999,3.245,5.924499999999999,3.7885000000000004,0.9380000000000003,8.533333333333333,0
Czech Republic,Producer Price Inflation,2.55,2.55,4.114000000000001,2.231,0.891,6.453333333333333,0
Germany,Producer Price Inflation,4.885,2.745,0.6529999999999999,2.168,0.9949999999999999,10.160000000000002,0
Denmark,Producer Price Inflation,8.873000000000001,6.102,0.733,3.364,1.9960000000000004,15.026666666666666,0
Algeria,Producer Price Inflation,3.1000000000000005,3.1000000000000005,3.2050000000000005,3.9,2.408,4.543333333333333,0
Ecuador,Producer Price Inflation,3.4799999999999995,3.4799999999999995,9.828999999999999,17.604,2.2019999999999995,2.2333333333333334,0
"Egypt, Arab Rep.",Producer Price Inflation,10.765,10.765,10.765,9.9745,11.044,12.296666666666667,0
Spain,Producer Price Inflation,15.267499999999998,8.861,2.089,2.65,1.433,15.476666666666667,0
Estonia,Producer Price Inflation,3.415,3.415,6.9265,3.2939999999999996,1.59,13.396666666666667,0
Ethiopia,Producer Price Inflation,3.05,3.05,3.05,2.425,3.4479999999999995,3.0499999999999994,0
Finland,Producer Price Inflation,10.501000000000001,5.807,0.917,1.9669999999999999,1.41,11.073333333333332,0
France,Producer Price Inflation,-2.691,4.367999999999999,1.778,1.8439999999999999,0.9410000000000001,10.313333333333334,0
Gabon,Producer Price Inflation,11.147,8.755,9.585000000000003,9.585000000000003,9.585000000000003,9.585,0
United Kingdom,Producer Price Inflation,13.018,6.703,2.944,3.293,1.812,7.383333333333334,0
Georgia,Producer Price Inflation,7.3149999999999995,7.3149999999999995,8.1505,5.728,5.827,14.31,0
Ghana,Producer Price Inflation,12.78,12.78,12.78,14.946000000000002,14.337999999999997,17.346666666666668,0
"Gambia, The",Producer Price Inflation,4.230000000000001,4.230000000000001,4.230000000000001,4.230000000000001,4.628,10.546666666666667,0
Greece,Producer Price Inflation,3.72,3.7,4.8050000000000015,3.03,2.4080000000000004,19.663333333333334,0
Guatemala,Producer Price Inflation,9.049000000000001,12.631,10.5,10.5,10.5,10.5,0
"Hong Kong SAR, China",Producer Price Inflation,1.0,1.0,0.8130000000000001,0.792,1.5010000000000001,1.0566666666666666,0
Croatia,Producer Price Inflation,2.0149999999999997,2.0149999999999997,159.97150000000002,2.6130000000000004,1.112,8.61,0
Hungary,Producer Price Inflation,4.8660000000000005,7.148000000000001,17.913999999999998,4.555,2.066,13.283333333333333,0
India,Producer Price Inflation,8.618,8.213,8.232000000000001,5.189000000000001,4.076,8.266666666666667,0
Ireland,Producer Price Inflation,13.466999999999999,6.858,1.101,-0.646,0.12700000000000006,0.38999999999999996,0
"Iran, Islamic Rep.",Producer Price Inflation,17.22,17.22,25.058,13.991,19.555999999999997,17.22,0
Iceland,Producer Price Inflation,6.779999999999999,7.023000000000001,6.779999999999999,9.165,2.1109999999999993,18.226666666666667,0
Israel,Producer Price Inflation,18.869,129.27799999999996,9.070000000000002,3.5789999999999997,0.9310000000000003,5.236666666666666,0
Italy,Producer Price Inflation,11.209,4.873,2.775,2.154,0.9959999999999999,25.59,0
Jamaica,Producer Price Inflation,8.460000000000003,8.460000000000003,8.460000000000003,11.069,6.0409999999999995,12.170000000000002,0
Jordan,Producer Price Inflation,4.409999999999999,4.409999999999999,4.409999999999999,9.568,0.42700000000000016,6.8999999999999995,0
Japan,Producer Price Inflation,6.359000000000001,0.8969999999999997,-0.638,0.10199999999999995,0.763,5.419999999999999,0
Kazakhstan,Producer Price Inflation,16.125,16.125,27.930500000000002,13.385,10.073000000000002,18.116666666666667,0
Kenya,Producer Price Inflation,1.0150000000000001,1.0150000000000001,1.0150000000000001,1.0150000000000001,1.015,2.858333333333333,0
Kyrgyz Republic,Producer Price Inflation,9.120000000000001,9.120000000000001,38.443,12.547,5.984999999999999,13.123333333333335,0
"Korea, Rep.",Producer Price Inflation,15.883999999999997,6.904000000000001,3.714,1.8009999999999997,2.4080000000000004,4.976666666666667,0
Kuwait,Producer Price Inflation,2.7049999999999996,2.7049999999999996,2.7049999999999996,2.7049999999999996,2.3265000000000002,27.919999999999998,0
Sri Lanka,Producer Price Inflation,6.04,6.04,6.04,6.04,6.179,27.686666666666667,0
Lithuania,Producer Price Inflation,5.340000000000001,5.340000000000001,48.486000000000004,4.9670000000000005,1.8500000000000003,9.03,0
Luxembourg,Producer Price Inflation,-2.903,4.6095,-0.6129999999999999,3.0770000000000004,1.2129999999999996,12.436666666666667,0
Latvia,Producer Price Inflation,3.41,3.41,5.82,5.534,2.162,13.660000000000002,0
Morocco,Producer Price Inflation,2.1900000000000004,2.1900000000000004,2.1900000000000004,3.062,1.921,5.626666666666666,0
"Moldova, Rep.",Producer Price Inflation,3.34,3.34,3.34,3.34,3.4910000000000005,10.296666666666667,0
Mexico,Producer Price Inflation,7.409999999999999,63.528,18.946,6.052999999999999,4.2,7.053333333333334,0
North Macedonia,Producer Price Inflation,2.52,2.52,11.365,2.902,2.242,10.256666666666666,0
Malta,Producer Price Inflation,1.0299999999999998,1.274,1.948,-1.083,0.41500000000000004,3.11,0
Montenegro,Producer Price Inflation,1.9200000000000004,1.9200000000000004,1.9200000000000004,4.73,1.314,4.003333333333333,0
Mongolia,Producer Price Inflation,6.359999999999999,6.359999999999999,6.359999999999999,6.359999999999999,8.546999999999999,3.5766666666666667,0
Mozambique,Producer Price Inflation,11.61,11.61,11.61,11.61,12.237,3.3333333333333335,0
Mauritius,Producer Price Inflation,3.18,3.18,3.18,3.696,2.899,11.213333333333333,0
Malaysia,Producer Price Inflation,3.685,4.0865,2.916,3.5549999999999997,1.233,5.166666666666667,0
Nicaragua,Producer Price Inflation,6.205,6.205,6.205,7.4845000000000015,7.011,11.280000000000001,0
Netherlands,Producer Price Inflation,5.494000000000001,2.1119999999999997,0.10800000000000005,2.8579999999999997,1.8779999999999997,13.469999999999999,0
Norway,Producer Price Inflation,3.9939999999999998,6.077,1.596,6.7440000000000015,4.105,30.61666666666667,0
New Zealand,Producer Price Inflation,12.281,10.872,1.481,3.729,1.9280000000000002,10.926666666666668,0
Oman,Producer Price Inflation,5.480000000000001,5.480000000000001,5.480000000000001,5.016,3.908999999999999,20.653333333333332,0
Pakistan,Producer Price Inflation,8.469999999999999,8.469999999999999,8.469999999999999,9.966,8.823999999999998,18.463333333333335,0
Peru,Producer Price Inflation,4.619999999999999,324.26599999999996,720.563,2.6699999999999995,1.9459999999999997,6.94,0
Philippines,Producer Price Inflation,2.0300000000000002,2.0300000000000002,3.975,7.147,-2.319,0.029999999999999954,0
Poland,Producer Price Inflation,4.46,33.552,81.22200000000001,3.113,1.379,9.896666666666667,0
Portugal,Producer Price Inflation,2.46,2.243,2.46,2.028,1.012,9.229999999999999,0
Paraguay,Producer Price Inflation,5.54,5.54,6.013,10.508000000000003,4.005000000000001,9.233333333333334,0
Qatar,Producer Price Inflation,-3.1700000000000004,-3.1700000000000004,-3.1700000000000004,-3.1700000000000004,-4.056,31.48,0
Romania,Producer Price Inflation,13.794999999999998,13.794999999999998,107.0545,18.555,2.767,20.94333333333333,0
Russian Federation,Producer Price Inflation,14.544999999999998,14.544999999999998,168.8605,17.613,8.569,13.556666666666667,0
Rwanda,Producer Price Inflation,3.09,3.09,3.09,3.09,2.9650000000000007,7.786666666666666,0
Saudi Arabia,Producer Price Inflation,2.2800000000000002,2.2800000000000002,2.2800000000000002,2.2800000000000002,2.73,8.073333333333332,0
Sudan,Producer Price Inflation,5.766,6.610000000000001,6.610000000000001,6.610000000000001,6.610000000000001,6.61,0
Senegal,Producer Price Inflation,0.32999999999999996,0.32999999999999996,0.32999999999999996,0.30799999999999994,0.8360000000000001,11.106666666666667,0
Singapore,Producer Price Inflation,1.9309999999999998,-0.07400000000000011,-3.472,-0.10800000000000001,-0.8789999999999999,10.106666666666667,0
El Salvador,Producer Price Inflation,2.95,2.95,2.95,3.8909999999999996,1.77,2.8333333333333335,0
Serbia,Producer Price Inflation,6.0649999999999995,6.0649999999999995,6.0649999999999995,16.8335,4.294,7.803333333333334,0
Slovakia,Producer Price Inflation,2.52,2.52,4.472,2.6860000000000004,0.24499999999999994,11.586666666666666,0
Slovenia,Producer Price Inflation,2.415,2.415,8.0275,3.336,1.027,8.133333333333335,0
Sweden,Producer Price Inflation,9.456,7.522,2.3320000000000003,2.571,1.296,10.863333333333332,0
Thailand,Producer Price Inflation,9.353,4.781,3.4509999999999996,4.691000000000001,1.116,4.673333333333333,0
Tajikistan,Producer Price Inflation,15.210000000000003,15.210000000000003,59.955,19.565,11.169000000000002,8.163333333333334,0
Trinidad and Tobago,Producer Price Inflation,3.525,9.788,2.473,4.011,2.6159999999999997,3.525,0
Tunisia,Producer Price Inflation,3.2,3.2,2.837,4.336,4.2379999999999995,7.303333333333332,0
Turkey,Producer Price Inflation,29.470000000000006,37.274,71.763,23.485,11.040000000000003,62.28333333333333,0
"Taiwan, China",Producer Price Inflation,8.845,1.7149999999999999,0.25399999999999984,1.9179999999999997,-0.39399999999999985,1.2283333333333333,0
"Tanzania, United Rep.",Producer Price Inflation,5.555,5.555,5.555,5.555,5.17,5.555,0
Uganda,Producer Price Inflation,3.18,3.18,3.18,3.18,2.117,11.436666666666667,0
Ukraine,Producer Price Inflation,19.240000000000002,19.240000000000002,1618.965,14.841999999999999,16.543,33.33,1
Uruguay,Producer Price Inflation,62.00699999999999,56.653,40.869,13.317000000000002,7.862,13.023333333333333,0
United States,Producer Price Inflation,8.364,3.721,1.134,3.3890000000000002,1.9620000000000002,4.913333333333333,0
Uzbekistan,Producer Price Inflation,16.34,16.34,16.34,16.34,20.68,13.486666666666666,0
"Venezuela, RB",Producer Price Inflation,60.470000000000006,60.470000000000006,60.470000000000006,59.423,17082.397,60.47,1
Vietnam,Producer Price Inflation,3.44,3.44,3.44,3.44,5.212999999999999,3.44,0
Kosovo,Producer Price Inflation,1.77,1.77,1.77,1.77,2.0,2.0366666666666666,0
South Africa,Producer Price Inflation,11.675999999999998,13.815999999999999,8.245000000000001,3.3280000000000003,5.95,7.989999999999999,0
Zambia,Producer Price Inflation,13.649000000000001,42.694,46.477,17.57,17.57,17.57,0
